2019-12-16T18:00:00Z,2019-12-16T18:25:00Z,-,- 
2019-12-12T16:00:00Z,2019-12-12T16:01:00Z,-,"Dyson School of Design Engineering, Imperial College London"
2019-12-12T10:15:00Z,2019-12-12T12:00:00Z,-,"Dyson School of Design Engineering, Imperial College London"
2019-12-11T17:00:00Z,2019-12-11T21:00:00Z,-,"Dyson School of Design Engineering, Imperial College London"
2019-12-9T15:05:00Z,2019-12-9T16:35:00Z,-,"Dyson School of Design Engineering, Imperial College London"
2019-12-9T10:05:00Z,2019-12-9T11:00:00Z,-,"Dyson School of Design Engineering, Imperial College London"
2019-12-7T18:05:00Z,2019-12-7T19:25:00Z,-,- 
2019-12-5T19:15:00Z,2019-12-5T20:20:00Z,-,-
2019-12-5T18:00:00Z,2019-12-5T19:00:00Z,-,"Dyson School of Design Engineering, Imperial College London"
2019-12-5T13:35:00Z,2019-12-5T15:15:00Z,-,"Dyson School of Design Engineering, Imperial College London"
2019-12-5T10:20:00Z,2019-12-5T12:20:00Z,-,"Dyson School of Design Engineering, Imperial College London"
2019-12-4T15:25:00Z,2019-12-4T16:25:00Z,-,BLYTH CENTRE FOR MUSIC AND VISUAL ARTS
2019-12-4T10:00:00Z,2019-12-4T10:30:00Z,-,"Dyson School of Design Engineering, Imperial College London"
2019-12-3T15:35:00Z,2019-12-3T17:05:00Z,-,"Dyson School of Design Engineering, Imperial College London"
2019-12-3T13:20:00Z,2019-12-3T15:20:00Z,-,Imperial College London Central Library
2019-12-3T10:00:00Z,2019-12-3T13:00:00Z,-,"Dyson School of Design Engineering, Imperial College London"
2019-12-2T15:00:00Z,2019-12-2T16:00:00Z,-,"Dyson School of Design Engineering, Imperial College London"
2019-12-2T14:00:00Z,2019-12-2T15:00:00Z,-,Roderic Hill
2019-12-2T10:00:00Z,2019-12-2T13:00:00Z,-,"Dyson School of Design Engineering, Imperial College London"
,,,
,,,
,,,
,,,
,,,
,,,
,,,
,,,
,,,
,,,
,,,
,,,
,,,
,,,
,,,
,,,
,,,
,,,
,,,
,,,
,,,
,,,
,,,
,,,
,,,
,,,
,,,
,,,
,,,
,,,
,,,
,,,
,,,
,,,
,,,
,,,
,,,
,,,
,,,
,,,
,,,
,,,
,,,
,,,
,,,
,,,
,,,
,,,
,,,
,,,
,,,
,,,
,,,
,,,
,,,
,,,
,,,
,,,
,,,
,,,
,,,
,,,
,,,
Meeting Solo,,,
