Name,Date,Lat,Lng,Speed(mph),Speed(km/h),Altitude(ft),Altitude(m),Accuracy,Type,Date2
Ruksana’s iPhone,2019-12-02 9:36:33 AM,,,2,3,32,10,16,GPS,2019-12-02 09:36:33+00:00
Ruksana’s iPhone,2019-12-02 9:38:41 AM,,,0,0,16,5,16,GPS,2019-12-02 09:38:41+00:00
Ruksana’s iPhone,2019-12-02 9:40:00 AM,,,0,0,16,5,32,GPS,2019-12-02 09:40:00+00:00
Ruksana’s iPhone,2019-12-02 9:41:27 AM,,,0,0,16,5,16,GPS,2019-12-02 09:41:27+00:00
Ruksana’s iPhone,2019-12-02 9:43:38 AM,,,0,0,16,5,16,GPS,2019-12-02 09:43:38+00:00
Ruksana’s iPhone,2019-12-02 9:53:27 AM,,,17,27,16,5,8,GPS,2019-12-02 09:53:27+00:00
Ruksana’s iPhone,2019-12-02 9:54:46 AM,,,20,32,13,4,16,GPS,2019-12-02 09:54:46+00:00
Ruksana’s iPhone,2019-12-02 9:56:06 AM,,,7,11,13,4,16,GPS,2019-12-02 09:56:06+00:00
Ruksana’s iPhone,2019-12-02 9:57:27 AM,,,16,26,9,3,16,GPS,2019-12-02 09:57:27+00:00
Ruksana’s iPhone,2019-12-02 9:58:44 AM,,,0,0,19,6,32,GPS,2019-12-02 09:58:44+00:00
Ruksana’s iPhone,2019-12-02 10:00:05 AM,,,9,14,19,6,16,GPS,2019-12-02 10:00:05+00:00
Ruksana’s iPhone,2019-12-02 10:01:25 AM,,,0,0,22,7,16,GPS,2019-12-02 10:01:25+00:00
Ruksana’s iPhone,2019-12-02 10:02:57 AM,,,17,27,29,9,16,GPS,2019-12-02 10:02:57+00:00
Ruksana’s iPhone,2019-12-02 10:04:13 AM,,,,,29,9,48,GPS,2019-12-02 10:04:13+00:00
Ruksana’s iPhone,2019-12-02 10:05:33 AM,,,16,26,22,7,32,GPS,2019-12-02 10:05:33+00:00
Ruksana’s iPhone,2019-12-02 10:06:52 AM,,,13,21,19,6,32,GPS,2019-12-02 10:06:52+00:00
Ruksana’s iPhone,2019-12-02 10:08:49 AM,,,11,18,26,8,32,GPS,2019-12-02 10:08:49+00:00
Ruksana’s iPhone,2019-12-02 10:11:01 AM,,,2,3,32,10,16,GPS,2019-12-02 10:11:01+00:00
Ruksana’s iPhone,2019-12-02 10:12:38 AM,,,2,3,39,12,32,GPS,2019-12-02 10:12:38+00:00
Ruksana’s iPhone,2019-12-02 10:14:44 AM,,,,,39,12,65,GPS,2019-12-02 10:14:44+00:00
Ruksana’s iPhone,2019-12-02 10:16:47 AM,,,,,111,34,48,GPS,2019-12-02 10:16:47+00:00
Ruksana’s iPhone,2019-12-02 10:18:38 AM,,,,,62,19,32,GPS,2019-12-02 10:18:38+00:00
Ruksana’s iPhone,2019-12-02 10:21:27 AM,,,,,39,12,65,GPS,2019-12-02 10:21:27+00:00
Ruksana’s iPhone,2019-12-02 10:21:33 AM,,,,,39,12,65,GPS,2019-12-02 10:21:33+00:00
Ruksana’s iPhone,2019-12-02 1:51:47 PM,,,,,29,9,65,GPS,2019-12-02 13:51:47+00:00
Ruksana’s iPhone,2019-12-02 1:53:59 PM,,,,,-29,-9,48,GPS,2019-12-02 13:53:59+00:00
Ruksana’s iPhone,2019-12-02 1:55:55 PM,,,,,29,9,65,GPS,2019-12-02 13:55:55+00:00
Ruksana’s iPhone,2019-12-02 1:56:34 PM,,,,,26,8,65,GPS,2019-12-02 13:56:34+00:00
Ruksana’s iPhone,2019-12-02 2:02:25 PM,,,,,39,12,65,GPS,2019-12-02 14:02:25+00:00
Ruksana’s iPhone,2019-12-02 3:03:05 PM,,,,,32,10,65,GPS,2019-12-02 15:03:05+00:00
Ruksana’s iPhone,2019-12-02 3:05:14 PM,,,2,3,39,12,16,GPS,2019-12-02 15:05:14+00:00
Ruksana’s iPhone,2019-12-02 3:08:06 PM,,,,,39,12,65,GPS,2019-12-02 15:08:06+00:00
Ruksana’s iPhone,2019-12-02 3:10:45 PM,,,,,26,8,65,GPS,2019-12-02 15:10:45+00:00
Ruksana’s iPhone,2019-12-02 3:16:47 PM,,,,,26,8,65,GPS,2019-12-02 15:16:47+00:00
Ruksana’s iPhone,2019-12-02 4:01:31 PM,,,,,39,12,65,GPS,2019-12-02 16:01:31+00:00
Ruksana’s iPhone,2019-12-02 4:03:38 PM,,,2,3,26,8,32,GPS,2019-12-02 16:03:38+00:00
Ruksana’s iPhone,2019-12-02 4:05:37 PM,,,0,0,22,7,16,GPS,2019-12-02 16:05:37+00:00
Ruksana’s iPhone,2019-12-02 4:09:49 PM,,,0,0,22,7,16,GPS,2019-12-02 16:09:49+00:00
Ruksana’s iPhone,2019-12-02 4:16:21 PM,,,,,22,7,65,GPS,2019-12-02 16:16:21+00:00
Ruksana’s iPhone,2019-12-02 4:17:54 PM,,,0,0,22,7,16,GPS,2019-12-02 16:17:54+00:00
Ruksana’s iPhone,2019-12-02 4:19:13 PM,,,12,19,22,7,16,GPS,2019-12-02 16:19:13+00:00
Ruksana’s iPhone,2019-12-02 4:21:02 PM,,,0,0,26,8,32,GPS,2019-12-02 16:21:02+00:00
Ruksana’s iPhone,2019-12-02 4:21:58 PM,,,15,24,32,10,32,GPS,2019-12-02 16:21:58+00:00
Ruksana’s iPhone,2019-12-02 4:23:30 PM,,,2,3,26,8,16,GPS,2019-12-02 16:23:30+00:00
Ruksana’s iPhone,2019-12-02 4:24:49 PM,,,8,13,26,8,16,GPS,2019-12-02 16:24:49+00:00
Ruksana’s iPhone,2019-12-02 4:26:09 PM,,,0,0,26,8,32,GPS,2019-12-02 16:26:09+00:00
Ruksana’s iPhone,2019-12-02 4:27:31 PM,,,0,0,22,7,32,GPS,2019-12-02 16:27:31+00:00
Ruksana’s iPhone,2019-12-02 4:27:58 PM,,,3,5,22,7,32,GPS,2019-12-02 16:27:58+00:00
Ruksana’s iPhone,2019-12-02 4:28:21 PM,,,1,2,22,7,32,GPS,2019-12-02 16:28:21+00:00
Ruksana’s iPhone,2019-12-02 4:29:50 PM,,,,,22,7,65,GPS,2019-12-02 16:29:50+00:00
Ruksana’s iPhone,2019-12-02 4:31:06 PM,,,0,0,22,7,12,GPS,2019-12-02 16:31:06+00:00
Ruksana’s iPhone,2019-12-02 4:32:26 PM,,,14,23,13,4,16,GPS,2019-12-02 16:32:26+00:00
Ruksana’s iPhone,2019-12-02 4:34:02 PM,,,7,11,9,3,16,GPS,2019-12-02 16:34:02+00:00
Ruksana’s iPhone,2019-12-02 4:35:38 PM,,,1,2,13,4,16,GPS,2019-12-02 16:35:38+00:00
Ruksana’s iPhone,2019-12-02 4:36:57 PM,,,6,10,16,5,32,GPS,2019-12-02 16:36:57+00:00
Ruksana’s iPhone,2019-12-02 4:38:23 PM,,,11,18,13,4,16,GPS,2019-12-02 16:38:23+00:00
Ruksana’s iPhone,2019-12-02 4:39:43 PM,,,18,29,16,5,16,GPS,2019-12-02 16:39:43+00:00
Ruksana’s iPhone,2019-12-02 4:41:17 PM,,,13,21,13,4,16,GPS,2019-12-02 16:41:17+00:00
Ruksana’s iPhone,2019-12-02 4:43:01 PM,,,1,2,16,5,16,GPS,2019-12-02 16:43:01+00:00
Ruksana’s iPhone,2019-12-02 4:44:41 PM,,,8,13,16,5,32,GPS,2019-12-02 16:44:41+00:00
Ruksana’s iPhone,2019-12-02 4:46:28 PM,,,2,3,16,5,16,GPS,2019-12-02 16:46:28+00:00
Ruksana’s iPhone,2019-12-02 4:48:36 PM,,,0,0,19,6,8,GPS,2019-12-02 16:48:36+00:00
Ruksana’s iPhone,2019-12-02 4:50:44 PM,,,2,3,19,6,16,GPS,2019-12-02 16:50:44+00:00
Ruksana’s iPhone,2019-12-02 4:52:00 PM,,,,,9,3,32,GPS,2019-12-02 16:52:00+00:00
Ruksana’s iPhone,2019-12-02 4:53:35 PM,,,1,2,19,6,32,GPS,2019-12-02 16:53:35+00:00
Ruksana’s iPhone,2019-12-02 5:00:52 PM,,,0,0,19,6,32,GPS,2019-12-02 17:00:52+00:00
Ruksana’s iPhone,2019-12-02 10:43:03 PM,,,,,16,5,65,GPS,2019-12-02 22:43:03+00:00
Name,Date,,,Speed(mph),Speed(km/h),Altitude(ft),Altitude(m),Accuracy,Type,Date2
Ruksana’s iPhone,2019-12-03 9:24:31 AM,,,3,5,16,5,48,GPS,2019-12-03 09:24:31+00:00
Ruksana’s iPhone,2019-12-03 9:26:46 AM,,,0,0,16,5,8,GPS,2019-12-03 09:26:46+00:00
Ruksana’s iPhone,2019-12-03 9:28:55 AM,,,1,2,16,5,16,GPS,2019-12-03 09:28:55+00:00
Ruksana’s iPhone,2019-12-03 9:29:10 AM,,,0,0,16,5,16,GPS,2019-12-03 09:29:10+00:00
Ruksana’s iPhone,2019-12-03 9:33:12 AM,,,15,24,16,5,8,GPS,2019-12-03 09:33:12+00:00
Ruksana’s iPhone,2019-12-03 9:34:28 AM,,,0,0,16,5,16,GPS,2019-12-03 09:34:28+00:00
Ruksana’s iPhone,2019-12-03 9:35:44 AM,,,5,8,16,5,8,GPS,2019-12-03 09:35:44+00:00
Ruksana’s iPhone,2019-12-03 9:37:11 AM,,,17,27,13,4,12,GPS,2019-12-03 09:37:11+00:00
Ruksana’s iPhone,2019-12-03 9:38:31 AM,,,19,31,13,4,16,GPS,2019-12-03 09:38:31+00:00
Ruksana’s iPhone,2019-12-03 9:40:02 AM,,,18,29,19,6,12,GPS,2019-12-03 09:40:02+00:00
Ruksana’s iPhone,2019-12-03 9:41:20 AM,,,2,3,19,6,12,GPS,2019-12-03 09:41:20+00:00
Ruksana’s iPhone,2019-12-03 9:42:50 AM,,,1,2,22,7,16,GPS,2019-12-03 09:42:50+00:00
Ruksana’s iPhone,2019-12-03 9:44:43 AM,,,19,31,22,7,16,GPS,2019-12-03 09:44:43+00:00
Ruksana’s iPhone,2019-12-03 9:46:08 AM,,,8,13,29,9,16,GPS,2019-12-03 09:46:08+00:00
Ruksana’s iPhone,2019-12-03 9:47:33 AM,,,0,0,22,7,16,GPS,2019-12-03 09:47:33+00:00
Ruksana’s iPhone,2019-12-03 9:49:02 AM,,,3,5,19,6,12,GPS,2019-12-03 09:49:02+00:00
Ruksana’s iPhone,2019-12-03 9:51:05 AM,,,0,0,22,7,8,GPS,2019-12-03 09:51:05+00:00
Ruksana’s iPhone,2019-12-03 9:53:11 AM,,,2,3,29,9,8,GPS,2019-12-03 09:53:11+00:00
Ruksana’s iPhone,2019-12-03 9:55:21 AM,,,2,3,39,12,16,GPS,2019-12-03 09:55:21+00:00
Ruksana’s iPhone,2019-12-03 9:56:37 AM,,,,,39,12,65,GPS,2019-12-03 09:56:37+00:00
Ruksana’s iPhone,2019-12-03 9:56:42 AM,,,,,26,8,64,GPS,2019-12-03 09:56:42+00:00
Ruksana’s iPhone,2019-12-03 9:59:15 AM,,,,,39,12,65,GPS,2019-12-03 09:59:15+00:00
Ruksana’s iPhone,2019-12-03 10:04:00 AM,,,,,39,12,64,GPS,2019-12-03 10:04:00+00:00
Ruksana’s iPhone,2019-12-03 10:04:13 AM,,,,,42,13,65,GPS,2019-12-03 10:04:13+00:00
Ruksana’s iPhone,2019-12-03 12:47:20 PM,,,,,32,10,65,GPS,2019-12-03 12:47:20+00:00
Ruksana’s iPhone,2019-12-03 12:48:52 PM,,,0,0,42,13,16,GPS,2019-12-03 12:48:52+00:00
Ruksana’s iPhone,2019-12-03 12:51:02 PM,,,1,2,42,13,16,GPS,2019-12-03 12:51:02+00:00
Ruksana’s iPhone,2019-12-03 12:53:17 PM,,,1,2,42,13,16,GPS,2019-12-03 12:53:17+00:00
Ruksana’s iPhone,2019-12-03 12:54:53 PM,,,,,22,7,65,GPS,2019-12-03 12:54:53+00:00
Ruksana’s iPhone,2019-12-03 1:02:02 PM,,,,,26,8,65,GPS,2019-12-03 13:02:02+00:00
Ruksana’s iPhone,2019-12-03 3:29:38 PM,,,,,32,10,65,GPS,2019-12-03 15:29:38+00:00
Ruksana’s iPhone,2019-12-03 3:32:13 PM,,,,,32,10,65,GPS,2019-12-03 15:32:13+00:00
Ruksana’s iPhone,2019-12-03 3:34:21 PM,,,1,2,42,13,16,GPS,2019-12-03 15:34:21+00:00
Ruksana’s iPhone,2019-12-03 3:36:42 PM,,,,,49,15,65,GPS,2019-12-03 15:36:42+00:00
Ruksana’s iPhone,2019-12-03 3:39:12 PM,,,,,49,15,65,GPS,2019-12-03 15:39:12+00:00
Ruksana’s iPhone,2019-12-03 3:41:19 PM,,,2,3,-186,-57,32,GPS,2019-12-03 15:41:19+00:00
Ruksana’s iPhone,2019-12-03 3:43:27 PM,,,0,0,39,12,32,GPS,2019-12-03 15:43:27+00:00
Ruksana’s iPhone,2019-12-03 3:44:44 PM,,,,,42,13,65,GPS,2019-12-03 15:44:44+00:00
Ruksana’s iPhone,2019-12-03 3:46:05 PM,,,,,-82,-25,48,GPS,2019-12-03 15:46:05+00:00
Ruksana’s iPhone,2019-12-03 3:47:21 PM,,,,,36,11,32,GPS,2019-12-03 15:47:21+00:00
Ruksana’s iPhone,2019-12-03 3:50:49 PM,,,,,-72,-22,32,GPS,2019-12-03 15:50:49+00:00
Ruksana’s iPhone,2019-12-03 5:06:40 PM,,,,,26,8,20,GPS,2019-12-03 17:06:40+00:00
Ruksana’s iPhone,2019-12-03 5:08:26 PM,,,0,0,22,7,16,GPS,2019-12-03 17:08:26+00:00
Ruksana’s iPhone,2019-12-03 5:12:01 PM,,,3,5,22,7,32,GPS,2019-12-03 17:12:01+00:00
Ruksana’s iPhone,2019-12-03 5:13:54 PM,,,0,0,22,7,16,GPS,2019-12-03 17:13:54+00:00
Ruksana’s iPhone,2019-12-03 5:23:28 PM,,,,,22,7,65,GPS,2019-12-03 17:23:28+00:00
Ruksana’s iPhone,2019-12-03 5:24:44 PM,,,9,14,32,10,16,GPS,2019-12-03 17:24:44+00:00
Ruksana’s iPhone,2019-12-03 5:26:03 PM,,,,,26,8,24,GPS,2019-12-03 17:26:03+00:00
Ruksana’s iPhone,2019-12-03 5:28:05 PM,,,,,26,8,32,GPS,2019-12-03 17:28:05+00:00
Ruksana’s iPhone,2019-12-03 5:29:24 PM,,,13,21,19,6,32,GPS,2019-12-03 17:29:24+00:00
Ruksana’s iPhone,2019-12-03 5:30:43 PM,,,16,26,9,3,32,GPS,2019-12-03 17:30:43+00:00
Ruksana’s iPhone,2019-12-03 5:32:02 PM,,,0,0,16,5,32,GPS,2019-12-03 17:32:02+00:00
Ruksana’s iPhone,2019-12-03 5:33:29 PM,,,3,5,13,4,16,GPS,2019-12-03 17:33:29+00:00
Ruksana’s iPhone,2019-12-03 5:35:02 PM,,,16,26,13,4,16,GPS,2019-12-03 17:35:02+00:00
Ruksana’s iPhone,2019-12-03 5:36:22 PM,,,24,39,16,5,16,GPS,2019-12-03 17:36:22+00:00
Ruksana’s iPhone,2019-12-03 5:37:40 PM,,,,,16,5,65,GPS,2019-12-03 17:37:40+00:00
Ruksana’s iPhone,2019-12-03 5:40:11 PM,,,2,3,16,5,8,GPS,2019-12-03 17:40:11+00:00
Ruksana’s iPhone,2019-12-03 5:42:20 PM,,,2,3,16,5,6,GPS,2019-12-03 17:42:20+00:00
Ruksana’s iPhone,2019-12-03 5:42:59 PM,,,3,5,16,5,6,GPS,2019-12-03 17:42:59+00:00
Ruksana’s iPhone,2019-12-03 5:45:06 PM,,,,,3,1,48,GPS,2019-12-03 17:45:06+00:00
Ruksana’s iPhone,2019-12-03 5:46:22 PM,,,,,16,5,65,GPS,2019-12-03 17:46:22+00:00
Ruksana’s iPhone,2019-12-03 5:50:00 PM,,,2,3,13,4,48,GPS,2019-12-03 17:50:00+00:00
Ruksana’s iPhone,2019-12-03 5:52:06 PM,,,0,0,19,6,6,GPS,2019-12-03 17:52:06+00:00
Ruksana’s iPhone,2019-12-03 5:54:13 PM,,,2,3,16,5,6,GPS,2019-12-03 17:54:13+00:00
Ruksana’s iPhone,2019-12-03 5:56:24 PM,,,1,2,19,6,6,GPS,2019-12-03 17:56:24+00:00
Ruksana’s iPhone,2019-12-03 5:58:35 PM,,,,,19,6,32,GPS,2019-12-03 17:58:35+00:00
Ruksana’s iPhone,2019-12-03 6:00:21 PM,,,1,2,19,6,32,GPS,2019-12-03 18:00:21+00:00
Ruksana’s iPhone,2019-12-03 6:02:31 PM,,,,,13,4,65,GPS,2019-12-03 18:02:31+00:00
Ruksana’s iPhone,2019-12-03 6:08:44 PM,,,,,16,5,65,GPS,2019-12-03 18:08:44+00:00
Ruksana’s iPhone,2019-12-03 6:10:00 PM,,,,,177,54,32,GPS,2019-12-03 18:10:00+00:00
Ruksana’s iPhone,2019-12-03 6:12:13 PM,,,,,-495,-151,48,GPS,2019-12-03 18:12:13+00:00
Ruksana’s iPhone,2019-12-03 6:14:25 PM,,,0,0,-521,-159,32,GPS,2019-12-03 18:14:25+00:00
Name,Date,Lat,Lng,Speed(mph),Speed(km/h),Altitude(ft),Altitude(m),Accuracy,Type,Date2
Ruksana’s iPhone,2019-12-04 9:24:21 AM,,,2,3,-22,-7,48,GPS,2019-12-04 09:24:21+00:00
Ruksana’s iPhone,2019-12-04 9:26:30 AM,,,2,3,16,5,6,GPS,2019-12-04 09:26:30+00:00
Ruksana’s iPhone,2019-12-04 9:29:21 AM,,,12,19,16,5,8,GPS,2019-12-04 09:29:21+00:00
Ruksana’s iPhone,2019-12-04 9:30:09 AM,,,1,2,16,5,8,GPS,2019-12-04 09:30:09+00:00
Ruksana’s iPhone,2019-12-04 9:31:32 AM,,,13,21,16,5,8,GPS,2019-12-04 09:31:32+00:00
Ruksana’s iPhone,2019-12-04 9:32:50 AM,,,24,39,13,4,8,GPS,2019-12-04 09:32:50+00:00
Ruksana’s iPhone,2019-12-04 9:34:11 AM,,,6,10,13,4,12,GPS,2019-12-04 09:34:11+00:00
Ruksana’s iPhone,2019-12-04 9:35:47 AM,,,4,6,13,4,12,GPS,2019-12-04 09:35:47+00:00
Ruksana’s iPhone,2019-12-04 9:37:06 AM,,,9,14,32,10,6,GPS,2019-12-04 09:37:06+00:00
Ruksana’s iPhone,2019-12-04 9:38:39 AM,,,9,14,22,7,8,GPS,2019-12-04 09:38:39+00:00
Ruksana’s iPhone,2019-12-04 9:40:01 AM,,,5,8,19,6,8,GPS,2019-12-04 09:40:01+00:00
Ruksana’s iPhone,2019-12-04 9:41:17 AM,,,5,8,22,7,16,GPS,2019-12-04 09:41:17+00:00
Ruksana’s iPhone,2019-12-04 9:43:00 AM,,,14,23,22,7,32,GPS,2019-12-04 09:43:00+00:00
Ruksana’s iPhone,2019-12-04 9:44:29 AM,,,2,3,32,10,24,GPS,2019-12-04 09:44:29+00:00
Ruksana’s iPhone,2019-12-04 9:46:28 AM,,,9,14,26,8,16,GPS,2019-12-04 09:46:28+00:00
Ruksana’s iPhone,2019-12-04 9:47:54 AM,,,15,24,22,7,8,GPS,2019-12-04 09:47:54+00:00
Ruksana’s iPhone,2019-12-04 9:49:19 AM,,,8,13,19,6,16,GPS,2019-12-04 09:49:19+00:00
Ruksana’s iPhone,2019-12-04 9:50:57 AM,,,5,8,22,7,8,GPS,2019-12-04 09:50:57+00:00
Ruksana’s iPhone,2019-12-04 9:53:13 AM,,,1,2,32,10,16,GPS,2019-12-04 09:53:13+00:00
Ruksana’s iPhone,2019-12-04 9:55:39 AM,,,,,49,15,32,GPS,2019-12-04 09:55:39+00:00
Ruksana’s iPhone,2019-12-04 9:56:13 AM,,,,,42,13,32,GPS,2019-12-04 09:56:13+00:00
Ruksana’s iPhone,2019-12-04 9:58:07 AM,,,,,42,13,65,GPS,2019-12-04 09:58:07+00:00
Ruksana’s iPhone,2019-12-04 10:06:54 AM,,,0,0,-3,-1,48,GPS,2019-12-04 10:06:54+00:00
Ruksana’s iPhone,2019-12-04 10:08:50 AM,,,,,39,12,65,GPS,2019-12-04 10:08:50+00:00
Ruksana’s iPhone,2019-12-04 3:12:41 PM,,,,,45,14,65,GPS,2019-12-04 15:12:41+00:00
Ruksana’s iPhone,2019-12-04 3:14:54 PM,,,,,45,14,65,GPS,2019-12-04 15:14:54+00:00
Ruksana’s iPhone,2019-12-04 3:17:05 PM,,,,,42,13,65,GPS,2019-12-04 15:17:05+00:00
Ruksana’s iPhone,2019-12-04 3:18:05 PM,,,,,42,13,65,GPS,2019-12-04 15:18:05+00:00
Ruksana’s iPhone,2019-12-04 3:20:16 PM,,,,,45,14,65,GPS,2019-12-04 15:20:16+00:00
Ruksana’s iPhone,2019-12-04 3:23:00 PM,,,,,39,12,65,GPS,2019-12-04 15:23:00+00:00
Ruksana’s iPhone,2019-12-04 3:24:28 PM,,,,,45,14,65,GPS,2019-12-04 15:24:28+00:00
Ruksana’s iPhone,2019-12-04 3:26:33 PM,,,0,0,42,13,32,GPS,2019-12-04 15:26:33+00:00
Ruksana’s iPhone,2019-12-04 4:24:29 PM,,,,,42,13,65,GPS,2019-12-04 16:24:29+00:00
Ruksana’s iPhone,2019-12-04 4:26:42 PM,,,3,5,36,11,64,GPS,2019-12-04 16:26:42+00:00
Ruksana’s iPhone,2019-12-04 4:28:00 PM,,,,,36,11,48,GPS,2019-12-04 16:28:00+00:00
Ruksana’s iPhone,2019-12-04 4:29:21 PM,,,0,0,45,14,48,GPS,2019-12-04 16:29:21+00:00
Ruksana’s iPhone,2019-12-04 4:30:51 PM,,,,,13,4,48,GPS,2019-12-04 16:30:51+00:00
Ruksana’s iPhone,2019-12-04 4:34:33 PM,,,1,2,275,84,48,GPS,2019-12-04 16:34:33+00:00
Ruksana’s iPhone,2019-12-04 4:37:18 PM,,,,,42,13,65,GPS,2019-12-04 16:37:18+00:00
Ruksana’s iPhone,2019-12-04 4:47:26 PM,,,,,42,13,65,GPS,2019-12-04 16:47:26+00:00
Ruksana’s iPhone,2019-12-04 4:49:20 PM,,,0,0,39,12,32,GPS,2019-12-04 16:49:20+00:00
Ruksana’s iPhone,2019-12-04 4:53:35 PM,,,0,0,39,12,16,GPS,2019-12-04 16:53:35+00:00
Ruksana’s iPhone,2019-12-04 4:57:52 PM,,,1,2,39,12,16,GPS,2019-12-04 16:57:52+00:00
Ruksana’s iPhone,2019-12-04 5:00:01 PM,,,2,3,32,10,32,GPS,2019-12-04 17:00:01+00:00
Ruksana’s iPhone,2019-12-04 5:02:11 PM,,,0,0,26,8,16,GPS,2019-12-04 17:02:11+00:00
Ruksana’s iPhone,2019-12-04 5:03:44 PM,,,0,0,22,7,16,GPS,2019-12-04 17:03:44+00:00
Ruksana’s iPhone,2019-12-04 5:05:16 PM,,,3,5,22,7,16,GPS,2019-12-04 17:05:16+00:00
Ruksana’s iPhone,2019-12-04 5:05:35 PM,,,2,3,19,6,16,GPS,2019-12-04 17:05:35+00:00
Ruksana’s iPhone,2019-12-04 5:06:54 PM,,,3,5,22,7,16,GPS,2019-12-04 17:06:54+00:00
Ruksana’s iPhone,2019-12-04 5:08:13 PM,,,1,2,22,7,16,GPS,2019-12-04 17:08:13+00:00
Ruksana’s iPhone,2019-12-04 5:09:32 PM,,,6,10,26,8,16,GPS,2019-12-04 17:09:32+00:00
Ruksana’s iPhone,2019-12-04 5:10:51 PM,,,5,8,32,10,16,GPS,2019-12-04 17:10:51+00:00
Ruksana’s iPhone,2019-12-04 5:11:35 PM,,,3,5,32,10,16,GPS,2019-12-04 17:11:35+00:00
Ruksana’s iPhone,2019-12-04 5:14:38 PM,,,0,0,29,9,24,GPS,2019-12-04 17:14:38+00:00
Ruksana’s iPhone,2019-12-04 5:16:02 PM,,,3,5,29,9,6,GPS,2019-12-04 17:16:02+00:00
Ruksana’s iPhone,2019-12-04 5:17:18 PM,,,0,0,26,8,16,GPS,2019-12-04 17:17:18+00:00
Ruksana’s iPhone,2019-12-04 5:19:55 PM,,,3,5,26,8,16,GPS,2019-12-04 17:19:55+00:00
Ruksana’s iPhone,2019-12-04 5:20:03 PM,,,1,2,26,8,16,GPS,2019-12-04 17:20:03+00:00
Ruksana’s iPhone,2019-12-04 5:26:13 PM,,,,,22,7,65,GPS,2019-12-04 17:26:13+00:00
Ruksana’s iPhone,2019-12-04 5:27:39 PM,,,5,8,22,7,16,GPS,2019-12-04 17:27:39+00:00
Ruksana’s iPhone,2019-12-04 5:29:08 PM,,,14,23,19,6,16,GPS,2019-12-04 17:29:08+00:00
Ruksana’s iPhone,2019-12-04 5:30:24 PM,,,0,0,9,3,16,GPS,2019-12-04 17:30:24+00:00
Ruksana’s iPhone,2019-12-04 5:32:18 PM,,,1,2,9,3,16,GPS,2019-12-04 17:32:18+00:00
Ruksana’s iPhone,2019-12-04 5:33:56 PM,,,5,8,3,1,16,GPS,2019-12-04 17:33:56+00:00
Ruksana’s iPhone,2019-12-04 5:35:38 PM,,,0,0,13,4,16,GPS,2019-12-04 17:35:38+00:00
Ruksana’s iPhone,2019-12-04 5:37:17 PM,,,4,6,13,4,16,GPS,2019-12-04 17:37:17+00:00
Ruksana’s iPhone,2019-12-04 5:38:36 PM,,,14,23,16,5,16,GPS,2019-12-04 17:38:36+00:00
Ruksana’s iPhone,2019-12-04 5:40:10 PM,,,2,3,16,5,16,GPS,2019-12-04 17:40:10+00:00
Ruksana’s iPhone,2019-12-04 5:41:54 PM,,,4,6,13,4,16,GPS,2019-12-04 17:41:54+00:00
Ruksana’s iPhone,2019-12-04 5:43:19 PM,,,9,14,16,5,16,GPS,2019-12-04 17:43:19+00:00
Ruksana’s iPhone,2019-12-04 5:45:46 PM,,,0,0,16,5,16,GPS,2019-12-04 17:45:46+00:00
Ruksana’s iPhone,2019-12-04 5:47:56 PM,,,0,0,16,5,16,GPS,2019-12-04 17:47:56+00:00
Ruksana’s iPhone,2019-12-04 5:56:41 PM,,,,,13,4,65,GPS,2019-12-04 17:56:41+00:00
Ruksana’s iPhone,2019-12-04 5:59:08 PM,,,1,2,16,5,16,GPS,2019-12-04 17:59:08+00:00
Ruksana’s iPhone,2019-12-04 6:01:22 PM,,,1,2,19,6,32,GPS,2019-12-04 18:01:22+00:00
Ruksana’s iPhone,2019-12-04 6:02:33 PM,,,4,6,19,6,6,GPS,2019-12-04 18:02:33+00:00
Ruksana’s iPhone,2019-12-04 6:06:15 PM,,,,,-19,-6,32,GPS,2019-12-04 18:06:15+00:00
Ruksana’s iPhone,2019-12-04 6:08:55 PM,,,0,0,19,6,32,GPS,2019-12-04 18:08:55+00:00
Ruksana’s iPhone,2019-12-04 6:11:27 PM,,,0,0,19,6,32,GPS,2019-12-04 18:11:27+00:00
Name,Date,Lat,Lng,Speed(mph),Speed(km/h),Altitude(ft),Altitude(m),Accuracy,Type,Date2
Ruksana’s iPhone,2019-12-05 9:14:33 AM,,,,,665,203,48,GPS,2019-12-05 09:14:33+00:00
Ruksana’s iPhone,2019-12-05 9:17:17 AM,,,,,-1154,-352,48,GPS,2019-12-05 09:17:17+00:00
Ruksana’s iPhone,2019-12-05 9:19:23 AM,,,2,3,19,6,32,GPS,2019-12-05 09:19:23+00:00
Ruksana’s iPhone,2019-12-05 9:21:32 AM,,,3,5,16,5,6,GPS,2019-12-05 09:21:32+00:00
Ruksana’s iPhone,2019-12-05 9:23:39 AM,,,0,0,16,5,16,GPS,2019-12-05 09:23:39+00:00
Ruksana’s iPhone,2019-12-05 9:25:27 AM,,,0,0,16,5,8,GPS,2019-12-05 09:25:27+00:00
Ruksana’s iPhone,2019-12-05 9:26:51 AM,,,1,2,16,5,16,GPS,2019-12-05 09:26:51+00:00
Ruksana’s iPhone,2019-12-05 9:28:21 AM,,,0,0,16,5,8,GPS,2019-12-05 09:28:21+00:00
Ruksana’s iPhone,2019-12-05 9:29:37 AM,,,3,5,16,5,16,GPS,2019-12-05 09:29:37+00:00
Ruksana’s iPhone,2019-12-05 9:30:53 AM,,,7,11,16,5,8,GPS,2019-12-05 09:30:53+00:00
Ruksana’s iPhone,2019-12-05 9:32:21 AM,,,0,0,13,4,8,GPS,2019-12-05 09:32:21+00:00
Ruksana’s iPhone,2019-12-05 9:33:53 AM,,,3,5,13,4,16,GPS,2019-12-05 09:33:53+00:00
Ruksana’s iPhone,2019-12-05 9:35:09 AM,,,9,14,22,7,8,GPS,2019-12-05 09:35:09+00:00
Ruksana’s iPhone,2019-12-05 9:36:44 AM,,,1,2,19,6,16,GPS,2019-12-05 09:36:44+00:00
Ruksana’s iPhone,2019-12-05 9:38:02 AM,,,7,11,22,7,16,GPS,2019-12-05 09:38:02+00:00
Ruksana’s iPhone,2019-12-05 9:39:21 AM,,,,,26,8,65,GPS,2019-12-05 09:39:21+00:00
Ruksana’s iPhone,2019-12-05 9:40:48 AM,,,,,29,9,65,GPS,2019-12-05 09:40:48+00:00
Ruksana’s iPhone,2019-12-05 9:42:06 AM,,,7,11,26,8,16,GPS,2019-12-05 09:42:06+00:00
Ruksana’s iPhone,2019-12-05 9:43:25 AM,,,16,26,22,7,24,GPS,2019-12-05 09:43:25+00:00
Ruksana’s iPhone,2019-12-05 9:44:43 AM,,,11,18,22,7,16,GPS,2019-12-05 09:44:43+00:00
Ruksana’s iPhone,2019-12-05 9:46:33 AM,,,0,0,19,6,32,GPS,2019-12-05 09:46:33+00:00
Ruksana’s iPhone,2019-12-05 9:47:49 AM,,,,,-78,-24,48,GPS,2019-12-05 09:47:49+00:00
Ruksana’s iPhone,2019-12-05 9:49:57 AM,,,1,2,26,8,16,GPS,2019-12-05 09:49:57+00:00
Ruksana’s iPhone,2019-12-05 9:52:05 AM,,,3,5,39,12,16,GPS,2019-12-05 09:52:05+00:00
Ruksana’s iPhone,2019-12-05 9:53:49 AM,,,,,150,46,48,GPS,2019-12-05 09:53:49+00:00
Ruksana’s iPhone,2019-12-05 9:57:40 AM,,,,,42,13,32,GPS,2019-12-05 09:57:40+00:00
Ruksana’s iPhone,2019-12-05 12:27:19 PM,,,,,45,14,65,GPS,2019-12-05 12:27:19+00:00
Ruksana’s iPhone,2019-12-05 12:28:50 PM,,,,,42,13,65,GPS,2019-12-05 12:28:50+00:00
Ruksana’s iPhone,2019-12-05 12:30:27 PM,,,1,2,22,7,96,GPS,2019-12-05 12:30:27+00:00
Ruksana’s iPhone,2019-12-05 12:31:35 PM,,,,,42,13,65,GPS,2019-12-05 12:31:35+00:00
Ruksana’s iPhone,2019-12-05 12:33:00 PM,,,2,3,321,98,64,GPS,2019-12-05 12:33:00+00:00
Ruksana’s iPhone,2019-12-05 12:34:18 PM,,,3,5,39,12,32,GPS,2019-12-05 12:34:18+00:00
Ruksana’s iPhone,2019-12-05 12:35:56 PM,,,,,42,13,65,GPS,2019-12-05 12:35:56+00:00
Ruksana’s iPhone,2019-12-05 12:37:15 PM,,,1,2,62,19,32,GPS,2019-12-05 12:37:15+00:00
Ruksana’s iPhone,2019-12-05 12:38:33 PM,,,,,193,59,48,GPS,2019-12-05 12:38:33+00:00
Ruksana’s iPhone,2019-12-05 12:40:42 PM,,,,,42,13,65,GPS,2019-12-05 12:40:42+00:00
Ruksana’s iPhone,2019-12-05 12:44:57 PM,,,,,39,12,65,GPS,2019-12-05 12:44:57+00:00
Ruksana’s iPhone,2019-12-05 3:18:45 PM,,,,,45,14,65,GPS,2019-12-05 15:18:45+00:00
Ruksana’s iPhone,2019-12-05 4:49:30 PM,,,,,32,10,65,GPS,2019-12-05 16:49:30+00:00
Ruksana’s iPhone,2019-12-05 4:51:36 PM,,,2,3,26,8,6,GPS,2019-12-05 16:51:36+00:00
Ruksana’s iPhone,2019-12-05 4:53:42 PM,,,1,2,29,9,6,GPS,2019-12-05 16:53:42+00:00
Ruksana’s iPhone,2019-12-05 4:54:24 PM,,,1,2,29,9,6,GPS,2019-12-05 16:54:24+00:00
Ruksana’s iPhone,2019-12-05 4:56:33 PM,,,3,5,22,7,16,GPS,2019-12-05 16:56:33+00:00
Ruksana’s iPhone,2019-12-05 4:58:45 PM,,,2,3,22,7,16,GPS,2019-12-05 16:58:45+00:00
Ruksana’s iPhone,2019-12-05 5:00:57 PM,,,2,3,22,7,16,GPS,2019-12-05 17:00:57+00:00
Ruksana’s iPhone,2019-12-05 5:03:06 PM,,,2,3,26,8,32,GPS,2019-12-05 17:03:06+00:00
Ruksana’s iPhone,2019-12-05 5:06:02 PM,,,,,22,7,65,GPS,2019-12-05 17:06:02+00:00
Ruksana’s iPhone,2019-12-05 5:15:42 PM,,,,,22,7,65,GPS,2019-12-05 17:15:42+00:00
Ruksana’s iPhone,2019-12-05 5:17:04 PM,,,,,22,7,165,GPS,2019-12-05 17:17:04+00:00
Ruksana’s iPhone,2019-12-05 5:22:25 PM,,,,,26,8,48,GPS,2019-12-05 17:22:25+00:00
Ruksana’s iPhone,2019-12-05 5:23:41 PM,,,,,26,8,65,GPS,2019-12-05 17:23:41+00:00
Ruksana’s iPhone,2019-12-05 5:25:52 PM,,,,,39,12,65,GPS,2019-12-05 17:25:52+00:00
Ruksana’s iPhone,2019-12-05 5:28:43 PM,,,,,22,7,65,GPS,2019-12-05 17:28:43+00:00
Ruksana’s iPhone,2019-12-05 5:30:52 PM,,,,,193,59,32,GPS,2019-12-05 17:30:52+00:00
Ruksana’s iPhone,2019-12-05 5:33:00 PM,,,0,0,-203,-62,32,GPS,2019-12-05 17:33:00+00:00
Ruksana’s iPhone,2019-12-05 5:35:09 PM,,,3,5,22,7,32,GPS,2019-12-05 17:35:09+00:00
Ruksana’s iPhone,2019-12-05 5:37:15 PM,,,1,2,22,7,16,GPS,2019-12-05 17:37:15+00:00
Ruksana’s iPhone,2019-12-05 5:39:04 PM,,,1,2,26,8,16,GPS,2019-12-05 17:39:04+00:00
Ruksana’s iPhone,2019-12-05 5:41:11 PM,,,0,0,29,9,16,GPS,2019-12-05 17:41:11+00:00
Ruksana’s iPhone,2019-12-05 5:43:17 PM,,,1,2,-134,-41,32,GPS,2019-12-05 17:43:17+00:00
Ruksana’s iPhone,2019-12-05 5:45:24 PM,,,2,3,-164,-50,32,GPS,2019-12-05 17:45:24+00:00
Ruksana’s iPhone,2019-12-05 5:46:22 PM,,,2,3,39,12,32,GPS,2019-12-05 17:46:22+00:00
Ruksana’s iPhone,2019-12-05 5:48:30 PM,,,,,32,10,65,GPS,2019-12-05 17:48:30+00:00
Ruksana’s iPhone,2019-12-05 5:50:40 PM,,,,,16,5,32,GPS,2019-12-05 17:50:40+00:00
Ruksana’s iPhone,2019-12-05 5:52:36 PM,,,,,42,13,65,GPS,2019-12-05 17:52:36+00:00
Ruksana’s iPhone,2019-12-05 5:56:54 PM,,,,,42,13,65,GPS,2019-12-05 17:56:54+00:00
Ruksana’s iPhone,2019-12-05 6:03:28 PM,,,,,39,12,65,GPS,2019-12-05 18:03:28+00:00
Ruksana’s iPhone,2019-12-05 7:08:42 PM,,,,,32,10,65,GPS,2019-12-05 19:08:42+00:00
Ruksana’s iPhone,2019-12-05 7:10:51 PM,,,1,2,26,8,16,GPS,2019-12-05 19:10:51+00:00
Ruksana’s iPhone,2019-12-05 7:13:02 PM,,,2,3,19,6,16,GPS,2019-12-05 19:13:02+00:00
Ruksana’s iPhone,2019-12-05 7:13:46 PM,,,2,3,19,6,6,GPS,2019-12-05 19:13:46+00:00
Ruksana’s iPhone,2019-12-05 7:15:58 PM,,,,,-3,-1,82,GPS,2019-12-05 19:15:58+00:00
Ruksana’s iPhone,2019-12-05 7:18:15 PM,,,,,22,7,65,GPS,2019-12-05 19:18:15+00:00
Ruksana’s iPhone,2019-12-05 7:20:24 PM,,,4,6,19,6,6,GPS,2019-12-05 19:20:24+00:00
Ruksana’s iPhone,2019-12-05 7:22:04 PM,,,9,14,19,6,6,GPS,2019-12-05 19:22:04+00:00
Ruksana’s iPhone,2019-12-05 7:23:39 PM,,,0,0,26,8,8,GPS,2019-12-05 19:23:39+00:00
Ruksana’s iPhone,2019-12-05 7:24:58 PM,,,2,3,19,6,8,GPS,2019-12-05 19:24:58+00:00
Ruksana’s iPhone,2019-12-05 7:26:19 PM,,,1,2,19,6,8,GPS,2019-12-05 19:26:19+00:00
Ruksana’s iPhone,2019-12-05 7:27:39 PM,,,0,0,19,6,24,GPS,2019-12-05 19:27:39+00:00
Ruksana’s iPhone,2019-12-05 7:29:21 PM,,,3,5,19,6,32,GPS,2019-12-05 19:29:21+00:00
Ruksana’s iPhone,2019-12-05 7:30:42 PM,,,13,21,16,5,32,GPS,2019-12-05 19:30:42+00:00
Ruksana’s iPhone,2019-12-05 7:32:09 PM,,,1,2,13,4,32,GPS,2019-12-05 19:32:09+00:00
Ruksana’s iPhone,2019-12-05 7:33:28 PM,,,12,19,16,5,16,GPS,2019-12-05 19:33:28+00:00
Ruksana’s iPhone,2019-12-05 7:34:46 PM,,,0,0,22,7,16,GPS,2019-12-05 19:34:46+00:00
Ruksana’s iPhone,2019-12-05 7:36:08 PM,,,,,29,9,65,GPS,2019-12-05 19:36:08+00:00
Ruksana’s iPhone,2019-12-05 7:38:21 PM,,,,,22,7,70,GPS,2019-12-05 19:38:21+00:00
Ruksana’s iPhone,2019-12-05 7:39:44 PM,,,0,0,22,7,48,GPS,2019-12-05 19:39:44+00:00
Ruksana’s iPhone,2019-12-05 7:41:02 PM,,,,,52,16,48,GPS,2019-12-05 19:41:02+00:00
Ruksana’s iPhone,2019-12-05 7:42:38 PM,,,,,91,28,32,GPS,2019-12-05 19:42:38+00:00
Ruksana’s iPhone,2019-12-05 8:22:49 PM,,,1,2,13,4,6,GPS,2019-12-05 20:22:49+00:00
Ruksana’s iPhone,2019-12-05 8:24:59 PM,,,0,0,16,5,8,GPS,2019-12-05 20:24:59+00:00
Ruksana’s iPhone,2019-12-05 8:28:01 PM,,,0,0,16,5,16,GPS,2019-12-05 20:28:01+00:00
Ruksana’s iPhone,2019-12-05 8:29:19 PM,,,7,11,19,6,16,GPS,2019-12-05 20:29:19+00:00
Ruksana’s iPhone,2019-12-05 8:31:27 PM,,,2,3,19,6,6,GPS,2019-12-05 20:31:27+00:00
Ruksana’s iPhone,2019-12-05 8:33:23 PM,,,0,0,13,4,32,GPS,2019-12-05 20:33:23+00:00
Ruksana’s iPhone,2019-12-05 8:36:08 PM,,,0,0,9,3,32,GPS,2019-12-05 20:36:08+00:00
Ruksana’s iPhone,2019-12-05 8:41:12 PM,,,,,39,12,165,GPS,2019-12-05 20:41:12+00:00
Ruksana’s iPhone,2019-12-05 8:43:25 PM,,,,,19,6,65,GPS,2019-12-05 20:43:25+00:00
Ruksana’s iPhone,2019-12-05 8:44:47 PM,,,30,48,-36,-11,64,GPS,2019-12-05 20:44:47+00:00
Ruksana’s iPhone,2019-12-05 8:46:04 PM,,,0,0,22,7,32,GPS,2019-12-05 20:46:04+00:00
Ruksana’s iPhone,2019-12-05 8:47:46 PM,,,,,-183,-56,32,GPS,2019-12-05 20:47:46+00:00
Ruksana’s iPhone,2019-12-05 8:49:04 PM,,,0,0,-482,-147,32,GPS,2019-12-05 20:49:04+00:00
Ruksana’s iPhone,2019-12-05 8:50:25 PM,,,0,0,-226,-69,32,GPS,2019-12-05 20:50:25+00:00
Ruksana’s iPhone,2019-12-05 8:51:43 PM,,,22,35,13,4,16,GPS,2019-12-05 20:51:43+00:00
Ruksana’s iPhone,2019-12-05 8:53:51 PM,,,0,0,19,6,32,GPS,2019-12-05 20:53:51+00:00
Ruksana’s iPhone,2019-12-05 8:56:21 PM,,,,,16,5,65,GPS,2019-12-05 20:56:21+00:00
Ruksana’s iPhone,2019-12-05 8:56:41 PM,,,,,16,5,65,GPS,2019-12-05 20:56:41+00:00
Ruksana’s iPhone,2019-12-05 8:58:52 PM,,,0,0,16,5,16,GPS,2019-12-05 20:58:52+00:00
Ruksana’s iPhone,2019-12-05 9:00:44 PM,,,0,0,16,5,16,GPS,2019-12-05 21:00:44+00:00
Ruksana’s iPhone,2019-12-05 9:02:53 PM,,,2,3,19,6,16,GPS,2019-12-05 21:02:53+00:00
Ruksana’s iPhone,2019-12-05 9:04:59 PM,,,2,3,16,5,6,GPS,2019-12-05 21:04:59+00:00
Ruksana’s iPhone,2019-12-05 9:07:08 PM,,,1,2,19,6,16,GPS,2019-12-05 21:07:08+00:00
Ruksana’s iPhone,2019-12-05 9:09:17 PM,,,2,3,19,6,16,GPS,2019-12-05 21:09:17+00:00
Ruksana’s iPhone,2019-12-05 9:11:25 PM,,,2,3,19,6,16,GPS,2019-12-05 21:11:25+00:00
Ruksana’s iPhone,2019-12-05 9:13:35 PM,,,1,2,16,5,4,GPS,2019-12-05 21:13:35+00:00
Ruksana’s iPhone,2019-12-05 9:15:41 PM,,,1,2,19,6,6,GPS,2019-12-05 21:15:41+00:00
Ruksana’s iPhone,2019-12-05 9:17:47 PM,,,2,3,19,6,6,GPS,2019-12-05 21:17:47+00:00
Ruksana’s iPhone,2019-12-05 9:19:09 PM,,,0,0,19,6,32,GPS,2019-12-05 21:19:09+00:00
Name,Date,Lat,Lng,Speed(mph),Speed(km/h),Altitude(ft),Altitude(m),Accuracy,Type,Date2
Ruksana’s iPhone,2019-12-07 5:13:45 PM,,,9,14,19,6,32,GPS,2019-12-07 17:13:45+00:00
Ruksana’s iPhone,2019-12-07 5:16:08 PM,,,1,2,22,7,6,GPS,2019-12-07 17:16:08+00:00
Ruksana’s iPhone,2019-12-07 5:17:41 PM,,,4,6,22,7,6,GPS,2019-12-07 17:17:41+00:00
Ruksana’s iPhone,2019-12-07 5:19:05 PM,,,3,5,22,7,6,GPS,2019-12-07 17:19:05+00:00
Ruksana’s iPhone,2019-12-07 5:20:28 PM,,,0,0,19,6,6,GPS,2019-12-07 17:20:28+00:00
Ruksana’s iPhone,2019-12-07 5:21:13 PM,,,11,18,19,6,16,GPS,2019-12-07 17:21:13+00:00
Ruksana’s iPhone,2019-12-07 5:25:43 PM,,,3,5,19,6,16,GPS,2019-12-07 17:25:43+00:00
Ruksana’s iPhone,2019-12-07 5:27:29 PM,,,11,18,19,6,16,GPS,2019-12-07 17:27:29+00:00
Ruksana’s iPhone,2019-12-07 5:28:45 PM,,,0,0,16,5,16,GPS,2019-12-07 17:28:45+00:00
Ruksana’s iPhone,2019-12-07 5:30:05 PM,,,20,32,19,6,16,GPS,2019-12-07 17:30:05+00:00
Ruksana’s iPhone,2019-12-07 5:31:34 PM,,,0,0,19,6,12,GPS,2019-12-07 17:31:34+00:00
Ruksana’s iPhone,2019-12-07 5:33:01 PM,,,6,10,22,7,8,GPS,2019-12-07 17:33:01+00:00
Ruksana’s iPhone,2019-12-07 5:35:20 PM,,,3,5,19,6,16,GPS,2019-12-07 17:35:20+00:00
Ruksana’s iPhone,2019-12-07 5:37:05 PM,,,2,3,16,5,12,GPS,2019-12-07 17:37:05+00:00
Ruksana’s iPhone,2019-12-07 5:38:21 PM,,,0,0,16,5,16,GPS,2019-12-07 17:38:21+00:00
Ruksana’s iPhone,2019-12-07 5:39:42 PM,,,3,5,19,6,16,GPS,2019-12-07 17:39:42+00:00
Ruksana’s iPhone,2019-12-07 5:40:59 PM,,,6,10,19,6,16,GPS,2019-12-07 17:40:59+00:00
Ruksana’s iPhone,2019-12-07 5:42:51 PM,,,6,10,19,6,6,GPS,2019-12-07 17:42:51+00:00
Ruksana’s iPhone,2019-12-07 5:44:12 PM,,,7,11,36,11,8,GPS,2019-12-07 17:44:12+00:00
Ruksana’s iPhone,2019-12-07 5:45:34 PM,,,1,2,45,14,16,GPS,2019-12-07 17:45:34+00:00
Ruksana’s iPhone,2019-12-07 5:46:53 PM,,,24,39,68,21,16,GPS,2019-12-07 17:46:53+00:00
Ruksana’s iPhone,2019-12-07 5:48:17 PM,,,2,3,95,29,6,GPS,2019-12-07 17:48:17+00:00
Ruksana’s iPhone,2019-12-07 5:50:13 PM,,,15,24,98,30,6,GPS,2019-12-07 17:50:13+00:00
Ruksana’s iPhone,2019-12-07 5:51:31 PM,,,46,74,150,46,8,GPS,2019-12-07 17:51:31+00:00
Ruksana’s iPhone,2019-12-07 5:52:50 PM,,,31,50,134,41,16,GPS,2019-12-07 17:52:50+00:00
Ruksana’s iPhone,2019-12-07 5:54:10 PM,,,18,29,42,13,8,GPS,2019-12-07 17:54:10+00:00
Ruksana’s iPhone,2019-12-07 5:55:29 PM,,,39,63,39,12,8,GPS,2019-12-07 17:55:29+00:00
Ruksana’s iPhone,2019-12-07 5:56:48 PM,,,49,79,49,15,8,GPS,2019-12-07 17:56:48+00:00
Ruksana’s iPhone,2019-12-07 5:58:06 PM,,,42,68,65,20,12,GPS,2019-12-07 17:58:06+00:00
Ruksana’s iPhone,2019-12-07 5:59:36 PM,,,12,19,85,26,12,GPS,2019-12-07 17:59:36+00:00
Ruksana’s iPhone,2019-12-07 6:01:01 PM,,,12,19,49,15,6,GPS,2019-12-07 18:01:01+00:00
Ruksana’s iPhone,2019-12-07 6:02:32 PM,,,9,14,52,16,6,GPS,2019-12-07 18:02:32+00:00
Ruksana’s iPhone,2019-12-07 6:03:54 PM,,,0,0,62,19,6,GPS,2019-12-07 18:03:54+00:00
Ruksana’s iPhone,2019-12-07 6:06:07 PM,,,0,0,59,18,32,GPS,2019-12-07 18:06:07+00:00
Ruksana’s iPhone,2019-12-07 6:07:06 PM,,,0,0,59,18,32,GPS,2019-12-07 18:07:06+00:00
Ruksana’s iPhone,2019-12-07 6:23:53 PM,,,,,95,29,65,GPS,2019-12-07 18:23:53+00:00
Ruksana’s iPhone,2019-12-07 7:22:04 PM,,,,,82,25,65,GPS,2019-12-07 19:22:04+00:00
Ruksana’s iPhone,2019-12-07 7:23:25 PM,,,20,32,68,21,8,GPS,2019-12-07 19:23:25+00:00
Ruksana’s iPhone,2019-12-07 7:24:44 PM,,,21,34,42,13,8,GPS,2019-12-07 19:24:44+00:00
Ruksana’s iPhone,2019-12-07 7:26:03 PM,,,48,77,26,8,12,GPS,2019-12-07 19:26:03+00:00
Ruksana’s iPhone,2019-12-07 7:27:21 PM,,,40,64,49,15,12,GPS,2019-12-07 19:27:21+00:00
Ruksana’s iPhone,2019-12-07 7:28:40 PM,,,39,63,45,14,16,GPS,2019-12-07 19:28:40+00:00
Ruksana’s iPhone,2019-12-07 7:29:58 PM,,,38,61,32,10,16,GPS,2019-12-07 19:29:58+00:00
Ruksana’s iPhone,2019-12-07 7:32:02 PM,,,16,26,154,47,16,GPS,2019-12-07 19:32:02+00:00
Ruksana’s iPhone,2019-12-07 7:33:21 PM,,,36,58,164,50,8,GPS,2019-12-07 19:33:21+00:00
Ruksana’s iPhone,2019-12-07 7:35:00 PM,,,25,40,98,30,6,GPS,2019-12-07 19:35:00+00:00
Ruksana’s iPhone,2019-12-07 7:37:10 PM,,,7,11,52,16,16,GPS,2019-12-07 19:37:10+00:00
Ruksana’s iPhone,2019-12-07 7:38:32 PM,,,1,2,42,13,16,GPS,2019-12-07 19:38:32+00:00
Ruksana’s iPhone,2019-12-07 7:39:53 PM,,,17,27,39,12,16,GPS,2019-12-07 19:39:53+00:00
Ruksana’s iPhone,2019-12-07 7:41:51 PM,,,6,10,22,7,32,GPS,2019-12-07 19:41:51+00:00
Ruksana’s iPhone,2019-12-07 7:43:09 PM,,,11,18,19,6,16,GPS,2019-12-07 19:43:09+00:00
Ruksana’s iPhone,2019-12-07 7:44:27 PM,,,8,13,16,5,12,GPS,2019-12-07 19:44:27+00:00
Ruksana’s iPhone,2019-12-07 7:45:46 PM,,,18,29,16,5,16,GPS,2019-12-07 19:45:46+00:00
Ruksana’s iPhone,2019-12-07 7:47:05 PM,,,21,34,19,6,16,GPS,2019-12-07 19:47:05+00:00
Ruksana’s iPhone,2019-12-07 7:48:38 PM,,,7,11,16,5,8,GPS,2019-12-07 19:48:38+00:00
Ruksana’s iPhone,2019-12-07 7:49:24 PM,,,0,0,19,6,16,GPS,2019-12-07 19:49:24+00:00
Name,Date,Lat,Lng,Speed(mph),Speed(km/h),Altitude(ft),Altitude(m),Accuracy,Type,Date2
Ruksana’s iPhone,2019-12-08 10:20:50 AM,,,,,16,5,65,GPS,2019-12-08 10:20:50+00:00
Ruksana’s iPhone,2019-12-08 10:23:01 AM,,,1,2,16,5,8,GPS,2019-12-08 10:23:01+00:00
Ruksana’s iPhone,2019-12-08 10:24:55 AM,,,,,-3,-1,65,GPS,2019-12-08 10:24:55+00:00
Ruksana’s iPhone,2019-12-08 10:25:06 AM,,,,,0,0,65,GPS,2019-12-08 10:25:06+00:00
Ruksana’s iPhone,2019-12-08 10:29:54 AM,,,3,5,16,5,32,GPS,2019-12-08 10:29:54+00:00
Ruksana’s iPhone,2019-12-08 10:31:42 AM,,,2,3,16,5,4,GPS,2019-12-08 10:31:42+00:00
Ruksana’s iPhone,2019-12-08 10:33:50 AM,,,1,2,16,5,6,GPS,2019-12-08 10:33:50+00:00
Ruksana’s iPhone,2019-12-08 10:35:56 AM,,,2,3,19,6,16,GPS,2019-12-08 10:35:56+00:00
Ruksana’s iPhone,2019-12-08 10:37:46 AM,,,,,22,7,32,GPS,2019-12-08 10:37:46+00:00
Ruksana’s iPhone,2019-12-08 10:40:20 AM,,,0,0,-170,-52,32,GPS,2019-12-08 10:40:20+00:00
Ruksana’s iPhone,2019-12-08 10:41:44 AM,,,,,-360,-110,32,GPS,2019-12-08 10:41:44+00:00
Ruksana’s iPhone,2019-12-08 10:43:45 AM,,,1,2,-324,-99,32,GPS,2019-12-08 10:43:45+00:00
Ruksana’s iPhone,2019-12-08 10:45:21 AM,,,0,0,-249,-76,32,GPS,2019-12-08 10:45:21+00:00
Ruksana’s iPhone,2019-12-08 10:48:22 AM,,,0,0,19,6,32,GPS,2019-12-08 10:48:22+00:00
Name,Date,Lat,Lng,Speed(mph),Speed(km/h),Altitude(ft),Altitude(m),Accuracy,Type,Date2
Ruksana’s iPhone,2019-12-09 9:24:02 AM,,,2,3,19,6,6,GPS,2019-12-09 09:24:02+00:00
Ruksana’s iPhone,2019-12-09 9:26:30 AM,,,0,0,16,5,6,GPS,2019-12-09 09:26:30+00:00
Ruksana’s iPhone,2019-12-09 9:27:49 AM,,,1,2,16,5,6,GPS,2019-12-09 09:27:49+00:00
Ruksana’s iPhone,2019-12-09 9:28:58 AM,,,5,8,16,5,6,GPS,2019-12-09 09:28:58+00:00
Ruksana’s iPhone,2019-12-09 9:30:17 AM,,,11,18,16,5,8,GPS,2019-12-09 09:30:17+00:00
Ruksana’s iPhone,2019-12-09 9:31:33 AM,,,1,2,16,5,8,GPS,2019-12-09 09:31:33+00:00
Ruksana’s iPhone,2019-12-09 9:32:53 AM,,,19,31,13,4,6,GPS,2019-12-09 09:32:53+00:00
Ruksana’s iPhone,2019-12-09 9:34:13 AM,,,15,24,13,4,8,GPS,2019-12-09 09:34:13+00:00
Ruksana’s iPhone,2019-12-09 9:35:33 AM,,,5,8,13,4,16,GPS,2019-12-09 09:35:33+00:00
Ruksana’s iPhone,2019-12-09 9:36:50 AM,,,0,0,-3,-1,12,GPS,2019-12-09 09:36:50+00:00
Ruksana’s iPhone,2019-12-09 9:38:08 AM,,,15,24,16,5,16,GPS,2019-12-09 09:38:08+00:00
Ruksana’s iPhone,2019-12-09 9:39:50 AM,,,0,0,22,7,8,GPS,2019-12-09 09:39:50+00:00
Ruksana’s iPhone,2019-12-09 9:41:16 AM,,,4,6,19,6,8,GPS,2019-12-09 09:41:16+00:00
Ruksana’s iPhone,2019-12-09 9:42:33 AM,,,14,23,19,6,8,GPS,2019-12-09 09:42:33+00:00
Ruksana’s iPhone,2019-12-09 9:44:11 AM,,,0,0,22,7,8,GPS,2019-12-09 09:44:11+00:00
Ruksana’s iPhone,2019-12-09 9:45:33 AM,,,13,21,26,8,16,GPS,2019-12-09 09:45:33+00:00
Ruksana’s iPhone,2019-12-09 9:47:01 AM,,,6,10,29,9,12,GPS,2019-12-09 09:47:01+00:00
Ruksana’s iPhone,2019-12-09 9:48:31 AM,,,4,6,29,9,16,GPS,2019-12-09 09:48:31+00:00
Ruksana’s iPhone,2019-12-09 9:50:24 AM,,,8,13,26,8,16,GPS,2019-12-09 09:50:24+00:00
Ruksana’s iPhone,2019-12-09 9:51:57 AM,,,14,23,22,7,16,GPS,2019-12-09 09:51:57+00:00
Ruksana’s iPhone,2019-12-09 9:53:19 AM,,,8,13,19,6,8,GPS,2019-12-09 09:53:19+00:00
Ruksana’s iPhone,2019-12-09 9:54:46 AM,,,6,10,22,7,16,GPS,2019-12-09 09:54:46+00:00
Ruksana’s iPhone,2019-12-09 9:56:04 AM,,,6,10,26,8,16,GPS,2019-12-09 09:56:04+00:00
Ruksana’s iPhone,2019-12-09 9:57:20 AM,,,2,3,29,9,16,GPS,2019-12-09 09:57:20+00:00
Ruksana’s iPhone,2019-12-09 9:59:29 AM,,,1,2,39,12,16,GPS,2019-12-09 09:59:29+00:00
Ruksana’s iPhone,2019-12-09 10:01:37 AM,,,,,104,32,65,GPS,2019-12-09 10:01:37+00:00
Ruksana’s iPhone,2019-12-09 10:01:55 AM,,,,,49,15,65,GPS,2019-12-09 10:01:55+00:00
Ruksana’s iPhone,2019-12-09 10:03:16 AM,,,0,0,180,55,48,GPS,2019-12-09 10:03:16+00:00
Ruksana’s iPhone,2019-12-09 10:06:00 AM,,,,,-301,-92,32,GPS,2019-12-09 10:06:00+00:00
Ruksana’s iPhone,2019-12-09 11:33:05 AM,,,,,42,13,65,GPS,2019-12-09 11:33:05+00:00
Ruksana’s iPhone,2019-12-09 11:35:25 AM,,,19,31,52,16,48,GPS,2019-12-09 11:35:25+00:00
Ruksana’s iPhone,2019-12-09 11:37:01 AM,,,,,164,50,48,GPS,2019-12-09 11:37:01+00:00
Ruksana’s iPhone,2019-12-09 11:38:18 AM,,,,,39,12,65,GPS,2019-12-09 11:38:18+00:00
Ruksana’s iPhone,2019-12-09 11:41:38 AM,,,,,59,18,148,GPS,2019-12-09 11:41:38+00:00
Ruksana’s iPhone,2019-12-09 11:43:47 AM,,,,,62,19,48,GPS,2019-12-09 11:43:47+00:00
Ruksana’s iPhone,2019-12-09 11:45:54 AM,,,,,1853,565,65,GPS,2019-12-09 11:45:54+00:00
Ruksana’s iPhone,2019-12-09 11:49:41 AM,,,,,1853,565,65,GPS,2019-12-09 11:49:41+00:00
Ruksana’s iPhone,2019-12-09 11:50:10 AM,,,,,1853,565,65,GPS,2019-12-09 11:50:10+00:00
Ruksana’s iPhone,2019-12-09 11:51:33 AM,,,,,1853,565,65,GPS,2019-12-09 11:51:33+00:00
Ruksana’s iPhone,2019-12-09 11:52:04 AM,,,,,1853,565,65,GPS,2019-12-09 11:52:04+00:00
Ruksana’s iPhone,2019-12-09 12:58:04 PM,,,,,39,12,65,GPS,2019-12-09 12:58:04+00:00
Ruksana’s iPhone,2019-12-09 1:03:53 PM,,,,,42,13,65,GPS,2019-12-09 13:03:53+00:00
Ruksana’s iPhone,2019-12-09 1:05:49 PM,,,,,39,12,65,GPS,2019-12-09 13:05:49+00:00
Ruksana’s iPhone,2019-12-09 1:10:40 PM,,,,,39,12,65,GPS,2019-12-09 13:10:40+00:00
Ruksana’s iPhone,2019-12-09 4:53:27 PM,,,,,22,7,65,GPS,2019-12-09 16:53:27+00:00
Ruksana’s iPhone,2019-12-09 4:55:08 PM,,,0,0,26,8,16,GPS,2019-12-09 16:55:08+00:00
Ruksana’s iPhone,2019-12-09 4:57:24 PM,,,0,0,19,6,8,GPS,2019-12-09 16:57:24+00:00
Ruksana’s iPhone,2019-12-09 4:58:16 PM,,,1,2,19,6,6,GPS,2019-12-09 16:58:16+00:00
Ruksana’s iPhone,2019-12-09 5:00:25 PM,,,,,3,1,65,GPS,2019-12-09 17:00:25+00:00
Ruksana’s iPhone,2019-12-09 5:03:39 PM,,,,,9,3,48,GPS,2019-12-09 17:03:39+00:00
Ruksana’s iPhone,2019-12-09 5:05:51 PM,,,2,3,19,6,4,GPS,2019-12-09 17:05:51+00:00
Ruksana’s iPhone,2019-12-09 5:08:05 PM,,,0,0,22,7,6,GPS,2019-12-09 17:08:05+00:00
Ruksana’s iPhone,2019-12-09 5:12:37 PM,,,1,2,22,7,16,GPS,2019-12-09 17:12:37+00:00
Ruksana’s iPhone,2019-12-09 5:13:55 PM,,,7,11,19,6,6,GPS,2019-12-09 17:13:55+00:00
Ruksana’s iPhone,2019-12-09 5:15:11 PM,,,0,0,22,7,8,GPS,2019-12-09 17:15:11+00:00
Ruksana’s iPhone,2019-12-09 5:16:30 PM,,,12,19,22,7,8,GPS,2019-12-09 17:16:30+00:00
Ruksana’s iPhone,2019-12-09 5:17:49 PM,,,4,6,22,7,16,GPS,2019-12-09 17:17:49+00:00
Ruksana’s iPhone,2019-12-09 5:19:06 PM,,,8,13,29,9,16,GPS,2019-12-09 17:19:06+00:00
Ruksana’s iPhone,2019-12-09 5:20:43 PM,,,4,6,29,9,16,GPS,2019-12-09 17:20:43+00:00
Ruksana’s iPhone,2019-12-09 5:21:42 PM,,,1,2,29,9,16,GPS,2019-12-09 17:21:42+00:00
Ruksana’s iPhone,2019-12-09 5:24:09 PM,,,0,0,29,9,16,GPS,2019-12-09 17:24:09+00:00
Ruksana’s iPhone,2019-12-09 5:25:45 PM,,,1,2,29,9,6,GPS,2019-12-09 17:25:45+00:00
Ruksana’s iPhone,2019-12-09 5:27:19 PM,,,1,2,26,8,8,GPS,2019-12-09 17:27:19+00:00
Ruksana’s iPhone,2019-12-09 5:28:49 PM,,,0,0,26,8,12,GPS,2019-12-09 17:28:49+00:00
Ruksana’s iPhone,2019-12-09 5:37:40 PM,,,,,22,7,65,GPS,2019-12-09 17:37:40+00:00
Ruksana’s iPhone,2019-12-09 5:39:08 PM,,,0,0,22,7,16,GPS,2019-12-09 17:39:08+00:00
Ruksana’s iPhone,2019-12-09 5:40:28 PM,,,18,29,16,5,16,GPS,2019-12-09 17:40:28+00:00
Ruksana’s iPhone,2019-12-09 5:42:17 PM,,,8,13,13,4,8,GPS,2019-12-09 17:42:17+00:00
Ruksana’s iPhone,2019-12-09 5:43:34 PM,,,6,10,13,4,16,GPS,2019-12-09 17:43:34+00:00
Ruksana’s iPhone,2019-12-09 5:45:07 PM,,,11,18,13,4,16,GPS,2019-12-09 17:45:07+00:00
Ruksana’s iPhone,2019-12-09 5:46:36 PM,,,16,26,13,4,16,GPS,2019-12-09 17:46:36+00:00
Ruksana’s iPhone,2019-12-09 5:47:53 PM,,,9,14,16,5,12,GPS,2019-12-09 17:47:53+00:00
Ruksana’s iPhone,2019-12-09 5:49:12 PM,,,0,0,16,5,16,GPS,2019-12-09 17:49:12+00:00
Ruksana’s iPhone,2019-12-09 5:49:53 PM,,,9,14,16,5,16,GPS,2019-12-09 17:49:53+00:00
Ruksana’s iPhone,2019-12-09 5:52:15 PM,,,1,2,16,5,8,GPS,2019-12-09 17:52:15+00:00
Ruksana’s iPhone,2019-12-09 5:54:21 PM,,,0,0,19,6,8,GPS,2019-12-09 17:54:21+00:00
Ruksana’s iPhone,2019-12-09 5:56:30 PM,,,3,5,-45,-14,32,GPS,2019-12-09 17:56:30+00:00
Ruksana’s iPhone,2019-12-09 5:58:18 PM,,,,,6,2,32,GPS,2019-12-09 17:58:18+00:00
Ruksana’s iPhone,2019-12-09 6:01:34 PM,,,,,-13,-4,65,GPS,2019-12-09 18:01:34+00:00
Ruksana’s iPhone,2019-12-09 6:03:34 PM,,,0,0,19,6,16,GPS,2019-12-09 18:03:34+00:00
Ruksana’s iPhone,2019-12-09 6:10:34 PM,,,,,9,3,65,GPS,2019-12-09 18:10:34+00:00
Ruksana’s iPhone,2019-12-09 6:12:04 PM,,,1,2,16,5,48,GPS,2019-12-09 18:12:04+00:00
Ruksana’s iPhone,2019-12-09 6:13:21 PM,,,0,0,19,6,32,GPS,2019-12-09 18:13:21+00:00
Ruksana’s iPhone,2019-12-09 6:13:38 PM,,,2,3,19,6,32,GPS,2019-12-09 18:13:38+00:00
Name,Date,Lat,Lng,Speed(mph),Speed(km/h),Altitude(ft),Altitude(m),Accuracy,Type,Date2
Ruksana’s iPhone,2019-12-10 10:24:17 AM,,,,,16,5,65,GPS,2019-12-10 10:24:17+00:00
Ruksana’s iPhone,2019-12-10 10:26:26 AM,,,1,2,16,5,8,GPS,2019-12-10 10:26:26+00:00
Ruksana’s iPhone,2019-12-10 10:27:59 AM,,,0,0,16,5,16,GPS,2019-12-10 10:27:59+00:00
Ruksana’s iPhone,2019-12-10 10:31:46 AM,,,0,0,16,5,32,GPS,2019-12-10 10:31:46+00:00
Ruksana’s iPhone,2019-12-10 10:39:01 AM,,,,,16,5,65,GPS,2019-12-10 10:39:01+00:00
Ruksana’s iPhone,2019-12-10 10:40:20 AM,,,22,35,13,4,16,GPS,2019-12-10 10:40:20+00:00
Ruksana’s iPhone,2019-12-10 10:42:02 AM,,,7,11,13,4,32,GPS,2019-12-10 10:42:02+00:00
Ruksana’s iPhone,2019-12-10 10:43:24 AM,,,3,5,16,5,32,GPS,2019-12-10 10:43:24+00:00
Ruksana’s iPhone,2019-12-10 10:44:40 AM,,,11,18,13,4,32,GPS,2019-12-10 10:44:40+00:00
Ruksana’s iPhone,2019-12-10 10:46:01 AM,,,4,6,9,3,32,GPS,2019-12-10 10:46:01+00:00
Ruksana’s iPhone,2019-12-10 10:47:21 AM,,,8,13,16,5,32,GPS,2019-12-10 10:47:21+00:00
Ruksana’s iPhone,2019-12-10 10:48:59 AM,,,0,0,22,7,32,GPS,2019-12-10 10:48:59+00:00
Ruksana’s iPhone,2019-12-10 10:49:18 AM,,,3,5,16,5,32,GPS,2019-12-10 10:49:18+00:00
Ruksana’s iPhone,2019-12-10 10:50:35 AM,,,0,0,19,6,32,GPS,2019-12-10 10:50:35+00:00
Ruksana’s iPhone,2019-12-10 10:51:57 AM,,,4,6,19,6,32,GPS,2019-12-10 10:51:57+00:00
Ruksana’s iPhone,2019-12-10 10:53:13 AM,,,6,10,22,7,32,GPS,2019-12-10 10:53:13+00:00
Ruksana’s iPhone,2019-12-10 10:54:32 AM,,,15,24,26,8,32,GPS,2019-12-10 10:54:32+00:00
Ruksana’s iPhone,2019-12-10 10:55:51 AM,,,20,32,32,10,16,GPS,2019-12-10 10:55:51+00:00
Ruksana’s iPhone,2019-12-10 10:57:08 AM,,,7,11,26,8,16,GPS,2019-12-10 10:57:08+00:00
Ruksana’s iPhone,2019-12-10 10:58:43 AM,,,15,24,22,7,32,GPS,2019-12-10 10:58:43+00:00
Ruksana’s iPhone,2019-12-10 11:00:29 AM,,,5,8,22,7,16,GPS,2019-12-10 11:00:29+00:00
Ruksana’s iPhone,2019-12-10 11:02:46 AM,,,1,2,26,8,16,GPS,2019-12-10 11:02:46+00:00
Ruksana’s iPhone,2019-12-10 11:04:02 AM,,,0,0,32,10,8,GPS,2019-12-10 11:04:02+00:00
Ruksana’s iPhone,2019-12-10 11:06:08 AM,,,2,3,36,11,8,GPS,2019-12-10 11:06:08+00:00
Ruksana’s iPhone,2019-12-10 11:08:15 AM,,,,,39,12,32,GPS,2019-12-10 11:08:15+00:00
Ruksana’s iPhone,2019-12-10 11:10:59 AM,,,0,0,39,12,32,GPS,2019-12-10 11:10:59+00:00
Ruksana’s iPhone,2019-12-10 11:13:41 AM,,,,,39,12,65,GPS,2019-12-10 11:13:41+00:00
Ruksana’s iPhone,2019-12-10 11:14:27 AM,,,0,0,104,32,32,GPS,2019-12-10 11:14:27+00:00
Ruksana’s iPhone,2019-12-10 12:22:10 PM,,,,,59,18,165,GPS,2019-12-10 12:22:10+00:00
Ruksana’s iPhone,2019-12-10 12:23:21 PM,,,0,0,42,13,16,GPS,2019-12-10 12:23:21+00:00
Ruksana’s iPhone,2019-12-10 12:25:34 PM,,,,,65,20,48,GPS,2019-12-10 12:25:34+00:00
Ruksana’s iPhone,2019-12-10 12:27:43 PM,,,1,2,268,82,32,GPS,2019-12-10 12:27:43+00:00
Ruksana’s iPhone,2019-12-10 12:29:57 PM,,,,,88,27,12,GPS,2019-12-10 12:29:57+00:00
Ruksana’s iPhone,2019-12-10 12:31:19 PM,,,0,0,42,13,32,GPS,2019-12-10 12:31:19+00:00
Ruksana’s iPhone,2019-12-10 12:32:45 PM,,,,,26,8,48,GPS,2019-12-10 12:32:45+00:00
Ruksana’s iPhone,2019-12-10 12:34:44 PM,,,,,52,16,65,GPS,2019-12-10 12:34:44+00:00
Ruksana’s iPhone,2019-12-10 12:34:57 PM,,,,,49,15,65,GPS,2019-12-10 12:34:57+00:00
Ruksana’s iPhone,2019-12-10 9:31:25 PM,,,,,29,9,65,GPS,2019-12-10 21:31:25+00:00
Ruksana’s iPhone,2019-12-10 9:33:34 PM,,,2,3,26,8,16,GPS,2019-12-10 21:33:34+00:00
Ruksana’s iPhone,2019-12-10 9:35:43 PM,,,1,2,22,7,32,GPS,2019-12-10 21:35:43+00:00
Ruksana’s iPhone,2019-12-10 9:37:07 PM,,,1,2,22,7,32,GPS,2019-12-10 21:37:07+00:00
Ruksana’s iPhone,2019-12-10 9:38:45 PM,,,7,11,19,6,32,GPS,2019-12-10 21:38:45+00:00
Ruksana’s iPhone,2019-12-10 9:40:04 PM,,,9,14,22,7,32,GPS,2019-12-10 21:40:04+00:00
Ruksana’s iPhone,2019-12-10 9:41:22 PM,,,1,2,22,7,16,GPS,2019-12-10 21:41:22+00:00
Ruksana’s iPhone,2019-12-10 9:42:38 PM,,,9,14,29,9,16,GPS,2019-12-10 21:42:38+00:00
Ruksana’s iPhone,2019-12-10 9:43:59 PM,,,12,19,26,8,24,GPS,2019-12-10 21:43:59+00:00
Ruksana’s iPhone,2019-12-10 9:45:17 PM,,,12,19,19,6,16,GPS,2019-12-10 21:45:17+00:00
Ruksana’s iPhone,2019-12-10 9:46:35 PM,,,6,10,9,3,16,GPS,2019-12-10 21:46:35+00:00
Ruksana’s iPhone,2019-12-10 9:47:56 PM,,,12,19,16,5,16,GPS,2019-12-10 21:47:56+00:00
Ruksana’s iPhone,2019-12-10 9:49:15 PM,,,17,27,16,5,8,GPS,2019-12-10 21:49:15+00:00
Ruksana’s iPhone,2019-12-10 9:50:35 PM,,,18,29,13,4,24,GPS,2019-12-10 21:50:35+00:00
Ruksana’s iPhone,2019-12-10 9:52:23 PM,,,0,0,16,5,16,GPS,2019-12-10 21:52:23+00:00
Ruksana’s iPhone,2019-12-10 9:54:29 PM,,,1,2,16,5,6,GPS,2019-12-10 21:54:29+00:00
Ruksana’s iPhone,2019-12-10 9:54:55 PM,,,1,2,16,5,8,GPS,2019-12-10 21:54:55+00:00
Ruksana’s iPhone,2019-12-10 9:57:04 PM,,,0,0,16,5,8,GPS,2019-12-10 21:57:04+00:00
Ruksana’s iPhone,2019-12-10 9:59:10 PM,,,0,0,19,6,8,GPS,2019-12-10 21:59:10+00:00
Ruksana’s iPhone,2019-12-10 10:01:19 PM,,,0,0,19,6,8,GPS,2019-12-10 22:01:19+00:00
Ruksana’s iPhone,2019-12-10 10:03:26 PM,,,2,3,19,6,8,GPS,2019-12-10 22:03:26+00:00
Ruksana’s iPhone,2019-12-10 10:05:01 PM,,,2,3,19,6,32,GPS,2019-12-10 22:05:01+00:00
Ruksana’s iPhone,2019-12-10 10:06:47 PM,,,0,0,16,5,32,GPS,2019-12-10 22:06:47+00:00
Ruksana’s iPhone,2019-12-10 10:11:20 PM,,,,,13,4,48,GPS,2019-12-10 22:11:20+00:00
Ruksana’s iPhone,2019-12-10 10:11:28 PM,,,0,0,13,4,32,GPS,2019-12-10 22:11:28+00:00
Name,Date,Lat,Lng,Speed(mph),Speed(km/h),Altitude(ft),Altitude(m),Accuracy,Type,Date2
Ruksana’s iPhone,2019-12-12 9:28:56 AM,,,2,3,19,6,6,GPS,2019-12-12 09:28:56+00:00
Ruksana’s iPhone,2019-12-12 9:31:02 AM,,,1,2,16,5,16,GPS,2019-12-12 09:31:02+00:00
Ruksana’s iPhone,2019-12-12 9:32:58 AM,,,0,0,16,5,16,GPS,2019-12-12 09:32:58+00:00
Ruksana’s iPhone,2019-12-12 9:43:28 AM,,,16,26,13,4,16,GPS,2019-12-12 09:43:28+00:00
Ruksana’s iPhone,2019-12-12 9:44:48 AM,,,18,29,16,5,16,GPS,2019-12-12 09:44:48+00:00
Ruksana’s iPhone,2019-12-12 9:46:05 AM,,,19,31,13,4,16,GPS,2019-12-12 09:46:05+00:00
Ruksana’s iPhone,2019-12-12 9:47:24 AM,,,4,6,16,5,16,GPS,2019-12-12 09:47:24+00:00
Ruksana’s iPhone,2019-12-12 9:48:47 AM,,,11,18,13,4,16,GPS,2019-12-12 09:48:47+00:00
Ruksana’s iPhone,2019-12-12 9:50:20 AM,,,7,11,13,4,32,GPS,2019-12-12 09:50:20+00:00
Ruksana’s iPhone,2019-12-12 9:51:25 AM,,,7,11,22,7,32,GPS,2019-12-12 09:51:25+00:00
Ruksana’s iPhone,2019-12-12 9:54:33 AM,,,5,8,22,7,16,GPS,2019-12-12 09:54:33+00:00
Ruksana’s iPhone,2019-12-12 9:55:52 AM,,,17,27,26,8,16,GPS,2019-12-12 09:55:52+00:00
Ruksana’s iPhone,2019-12-12 9:57:19 AM,,,1,2,19,6,32,GPS,2019-12-12 09:57:19+00:00
Ruksana’s iPhone,2019-12-12 9:58:38 AM,,,4,6,26,8,32,GPS,2019-12-12 09:58:38+00:00
Ruksana’s iPhone,2019-12-12 9:59:22 AM,,,,,-26,-8,32,GPS,2019-12-12 09:59:22+00:00
Ruksana’s iPhone,2019-12-12 10:01:09 AM,,,7,11,22,7,16,GPS,2019-12-12 10:01:09+00:00
Ruksana’s iPhone,2019-12-12 10:02:26 AM,,,6,10,19,6,16,GPS,2019-12-12 10:02:26+00:00
Ruksana’s iPhone,2019-12-12 10:03:46 AM,,,4,6,22,7,32,GPS,2019-12-12 10:03:46+00:00
Ruksana’s iPhone,2019-12-12 10:05:56 AM,,,1,2,29,9,32,GPS,2019-12-12 10:05:56+00:00
Ruksana’s iPhone,2019-12-12 10:08:06 AM,,,1,2,36,11,32,GPS,2019-12-12 10:08:06+00:00
Ruksana’s iPhone,2019-12-12 10:10:01 AM,,,,,49,15,65,GPS,2019-12-12 10:10:01+00:00
Ruksana’s iPhone,2019-12-12 10:11:29 AM,,,,,42,13,65,GPS,2019-12-12 10:11:29+00:00
Ruksana’s iPhone,2019-12-12 10:15:42 AM,,,,,39,12,65,GPS,2019-12-12 10:15:42+00:00
Ruksana’s iPhone,2019-12-12 4:25:10 PM,,,,,42,13,65,GPS,2019-12-12 16:25:10+00:00
Ruksana’s iPhone,2019-12-12 4:27:19 PM,,,1,2,26,8,6,GPS,2019-12-12 16:27:19+00:00
Ruksana’s iPhone,2019-12-12 4:28:50 PM,,,0,0,26,8,16,GPS,2019-12-12 16:28:50+00:00
Ruksana’s iPhone,2019-12-12 4:31:05 PM,,,0,0,22,7,16,GPS,2019-12-12 16:31:05+00:00
Ruksana’s iPhone,2019-12-12 4:32:47 PM,,,2,3,22,7,32,GPS,2019-12-12 16:32:47+00:00
Ruksana’s iPhone,2019-12-12 4:34:05 PM,,,5,8,22,7,32,GPS,2019-12-12 16:34:05+00:00
Ruksana’s iPhone,2019-12-12 4:35:21 PM,,,0,0,22,7,32,GPS,2019-12-12 16:35:21+00:00
Ruksana’s iPhone,2019-12-12 4:36:37 PM,,,0,0,22,7,32,GPS,2019-12-12 16:36:37+00:00
Ruksana’s iPhone,2019-12-12 4:38:05 PM,,,0,0,26,8,32,GPS,2019-12-12 16:38:05+00:00
Ruksana’s iPhone,2019-12-12 4:38:13 PM,,,5,8,26,8,32,GPS,2019-12-12 16:38:13+00:00
Ruksana’s iPhone,2019-12-12 4:39:07 PM,,,1,2,26,8,48,GPS,2019-12-12 16:39:07+00:00
Ruksana’s iPhone,2019-12-12 4:40:23 PM,,,2,3,29,9,16,GPS,2019-12-12 16:40:23+00:00
Ruksana’s iPhone,2019-12-12 4:41:42 PM,,,8,13,32,10,16,GPS,2019-12-12 16:41:42+00:00
Ruksana’s iPhone,2019-12-12 4:43:00 PM,,,0,0,32,10,16,GPS,2019-12-12 16:43:00+00:00
Ruksana’s iPhone,2019-12-12 4:44:01 PM,,,6,10,32,10,32,GPS,2019-12-12 16:44:01+00:00
Ruksana’s iPhone,2019-12-12 4:45:43 PM,,,6,10,29,9,32,GPS,2019-12-12 16:45:43+00:00
Ruksana’s iPhone,2019-12-12 4:47:16 PM,,,1,2,29,9,32,GPS,2019-12-12 16:47:16+00:00
Ruksana’s iPhone,2019-12-12 4:48:47 PM,,,0,0,26,8,16,GPS,2019-12-12 16:48:47+00:00
Ruksana’s iPhone,2019-12-12 4:49:00 PM,,,0,0,26,8,16,GPS,2019-12-12 16:49:00+00:00
Ruksana’s iPhone,2019-12-12 4:52:47 PM,,,,,26,8,65,GPS,2019-12-12 16:52:47+00:00
Ruksana’s iPhone,2019-12-12 4:55:03 PM,,,,,19,6,65,GPS,2019-12-12 16:55:03+00:00
Ruksana’s iPhone,2019-12-12 4:56:20 PM,,,0,0,26,8,16,GPS,2019-12-12 16:56:20+00:00
Ruksana’s iPhone,2019-12-12 4:57:51 PM,,,1,2,26,8,16,GPS,2019-12-12 16:57:51+00:00
Ruksana’s iPhone,2019-12-12 4:59:13 PM,,,2,3,22,7,32,GPS,2019-12-12 16:59:13+00:00
Ruksana’s iPhone,2019-12-12 5:00:24 PM,,,4,6,22,7,32,GPS,2019-12-12 17:00:24+00:00
Ruksana’s iPhone,2019-12-12 5:01:40 PM,,,5,8,22,7,16,GPS,2019-12-12 17:01:40+00:00
Ruksana’s iPhone,2019-12-12 5:02:59 PM,,,6,10,9,3,16,GPS,2019-12-12 17:02:59+00:00
Ruksana’s iPhone,2019-12-12 5:04:24 PM,,,1,2,9,3,16,GPS,2019-12-12 17:04:24+00:00
Ruksana’s iPhone,2019-12-12 5:06:25 PM,,,8,13,13,4,16,GPS,2019-12-12 17:06:25+00:00
Ruksana’s iPhone,2019-12-12 5:07:43 PM,,,6,10,13,4,16,GPS,2019-12-12 17:07:43+00:00
Ruksana’s iPhone,2019-12-12 5:09:04 PM,,,0,0,13,4,32,GPS,2019-12-12 17:09:04+00:00
Ruksana’s iPhone,2019-12-12 5:10:23 PM,,,13,21,16,5,32,GPS,2019-12-12 17:10:23+00:00
Ruksana’s iPhone,2019-12-12 5:11:41 PM,,,2,3,13,4,16,GPS,2019-12-12 17:11:41+00:00
Ruksana’s iPhone,2019-12-12 5:11:45 PM,,,0,0,13,4,16,GPS,2019-12-12 17:11:45+00:00
Ruksana’s iPhone,2019-12-12 5:16:21 PM,,,0,0,13,4,64,GPS,2019-12-12 17:16:21+00:00
Ruksana’s iPhone,2019-12-12 5:22:17 PM,,,2,3,42,13,16,GPS,2019-12-12 17:22:17+00:00
Ruksana’s iPhone,2019-12-12 5:23:57 PM,,,,,29,9,32,GPS,2019-12-12 17:23:57+00:00
Ruksana’s iPhone,2019-12-12 5:25:41 PM,,,0,0,3,1,32,GPS,2019-12-12 17:25:41+00:00
Ruksana’s iPhone,2019-12-12 5:29:09 PM,,,,,-42,-13,65,GPS,2019-12-12 17:29:09+00:00
Ruksana’s iPhone,2019-12-12 5:31:20 PM,,,1,2,16,5,16,GPS,2019-12-12 17:31:20+00:00
Ruksana’s iPhone,2019-12-12 5:33:27 PM,,,2,3,16,5,16,GPS,2019-12-12 17:33:27+00:00
Ruksana’s iPhone,2019-12-12 5:35:33 PM,,,0,0,19,6,6,GPS,2019-12-12 17:35:33+00:00
Ruksana’s iPhone,2019-12-12 5:37:44 PM,,,2,3,19,6,32,GPS,2019-12-12 17:37:44+00:00
Ruksana’s iPhone,2019-12-12 5:39:26 PM,,,0,0,19,6,32,GPS,2019-12-12 17:39:26+00:00
Ruksana’s iPhone,2019-12-12 5:49:22 PM,,,,,-78,-24,48,GPS,2019-12-12 17:49:22+00:00
Ruksana’s iPhone,2019-12-12 5:50:40 PM,,,,,-75,-23,48,GPS,2019-12-12 17:50:40+00:00
Ruksana’s iPhone,2019-12-12 5:52:06 PM,,,0,0,19,6,32,GPS,2019-12-12 17:52:06+00:00
Ruksana’s iPhone,2019-12-12 5:55:07 PM,,,,,22,7,32,GPS,2019-12-12 17:55:07+00:00
Ruksana’s iPhone,2019-12-12 5:55:19 PM,,,1,2,19,6,32,GPS,2019-12-12 17:55:19+00:00
Name,Date,Lat,Lng,Speed(mph),Speed(km/h),Altitude(ft),Altitude(m),Accuracy,Type,Date2
Ruksana’s iPhone,2019-12-13 1:40:10 PM,,,,,16,5,65,GPS,2019-12-13 13:40:10+00:00
Ruksana’s iPhone,2019-12-13 1:42:20 PM,,,1,2,16,5,8,GPS,2019-12-13 13:42:20+00:00
Ruksana’s iPhone,2019-12-13 1:44:45 PM,,,1,2,16,5,32,GPS,2019-12-13 13:44:45+00:00
Ruksana’s iPhone,2019-12-13 1:46:42 PM,,,2,3,16,5,32,GPS,2019-12-13 13:46:42+00:00
Ruksana’s iPhone,2019-12-13 1:48:00 PM,,,,,-78,-24,32,GPS,2019-12-13 13:48:00+00:00
Ruksana’s iPhone,2019-12-13 1:49:59 PM,,,1,2,-413,-126,32,GPS,2019-12-13 13:49:59+00:00
Ruksana’s iPhone,2019-12-13 1:50:04 PM,,,0,0,-426,-130,32,GPS,2019-12-13 13:50:04+00:00
Ruksana’s iPhone,2019-12-13 2:00:06 PM,,,,,16,5,65,GPS,2019-12-13 14:00:06+00:00
Ruksana’s iPhone,2019-12-13 2:00:57 PM,,,1,2,16,5,16,GPS,2019-12-13 14:00:57+00:00
Ruksana’s iPhone,2019-12-13 2:35:19 PM,,,,,16,5,65,GPS,2019-12-13 14:35:19+00:00
Ruksana’s iPhone,2019-12-13 2:37:26 PM,,,1,2,19,6,16,GPS,2019-12-13 14:37:26+00:00
Ruksana’s iPhone,2019-12-13 2:39:15 PM,,,,,13,4,65,GPS,2019-12-13 14:39:15+00:00
Ruksana’s iPhone,2019-12-13 2:40:19 PM,,,,,19,6,65,GPS,2019-12-13 14:40:19+00:00
Ruksana’s iPhone,2019-12-13 2:43:45 PM,,,,,19,6,65,GPS,2019-12-13 14:43:45+00:00
Ruksana’s iPhone,2019-12-13 3:35:30 PM,,,,,16,5,65,GPS,2019-12-13 15:35:30+00:00
Ruksana’s iPhone,2019-12-13 3:37:40 PM,,,1,2,16,5,8,GPS,2019-12-13 15:37:40+00:00
Ruksana’s iPhone,2019-12-13 3:40:57 PM,,,0,0,16,5,8,GPS,2019-12-13 15:40:57+00:00
Ruksana’s iPhone,2019-12-13 3:43:22 PM,,,0,0,16,5,8,GPS,2019-12-13 15:43:22+00:00
Ruksana’s iPhone,2019-12-13 3:51:11 PM,,,,,9,3,65,GPS,2019-12-13 15:51:11+00:00
Ruksana’s iPhone,2019-12-13 3:52:30 PM,,,13,21,16,5,8,GPS,2019-12-13 15:52:30+00:00
Ruksana’s iPhone,2019-12-13 3:53:49 PM,,,21,34,13,4,8,GPS,2019-12-13 15:53:49+00:00
Ruksana’s iPhone,2019-12-13 3:55:12 PM,,,1,2,16,5,12,GPS,2019-12-13 15:55:12+00:00
Ruksana’s iPhone,2019-12-13 3:56:31 PM,,,17,27,13,4,24,GPS,2019-12-13 15:56:31+00:00
Ruksana’s iPhone,2019-12-13 3:58:16 PM,,,2,3,13,4,16,GPS,2019-12-13 15:58:16+00:00
Ruksana’s iPhone,2019-12-13 3:59:34 PM,,,9,14,16,5,16,GPS,2019-12-13 15:59:34+00:00
Ruksana’s iPhone,2019-12-13 4:01:10 PM,,,0,0,22,7,8,GPS,2019-12-13 16:01:10+00:00
Ruksana’s iPhone,2019-12-13 4:02:01 PM,,,5,8,19,6,8,GPS,2019-12-13 16:02:01+00:00
Ruksana’s iPhone,2019-12-13 4:03:17 PM,,,4,6,22,7,8,GPS,2019-12-13 16:03:17+00:00
Ruksana’s iPhone,2019-12-13 4:05:23 PM,,,18,29,19,6,16,GPS,2019-12-13 16:05:23+00:00
Ruksana’s iPhone,2019-12-13 4:06:39 PM,,,1,2,22,7,16,GPS,2019-12-13 16:06:39+00:00
Ruksana’s iPhone,2019-12-13 4:07:58 PM,,,3,5,26,8,32,GPS,2019-12-13 16:07:58+00:00
Ruksana’s iPhone,2019-12-13 4:09:21 PM,,,3,5,29,9,32,GPS,2019-12-13 16:09:21+00:00
Ruksana’s iPhone,2019-12-13 4:10:41 PM,,,4,6,22,7,16,GPS,2019-12-13 16:10:41+00:00
Ruksana’s iPhone,2019-12-13 4:11:58 PM,,,13,21,19,6,16,GPS,2019-12-13 16:11:58+00:00
Ruksana’s iPhone,2019-12-13 4:13:19 PM,,,17,27,29,9,12,GPS,2019-12-13 16:13:19+00:00
Ruksana’s iPhone,2019-12-13 4:14:47 PM,,,3,5,32,10,6,GPS,2019-12-13 16:14:47+00:00
Ruksana’s iPhone,2019-12-13 4:17:17 PM,,,4,6,-9,-3,32,GPS,2019-12-13 16:17:17+00:00
Ruksana’s iPhone,2019-12-13 4:17:35 PM,,,1,2,39,12,32,GPS,2019-12-13 16:17:35+00:00
Ruksana’s iPhone,2019-12-13 4:21:15 PM,,,2,3,29,9,32,GPS,2019-12-13 16:21:15+00:00
Ruksana’s iPhone,2019-12-13 4:25:46 PM,,,,,45,14,65,GPS,2019-12-13 16:25:46+00:00
Ruksana’s iPhone,2019-12-13 6:23:27 PM,,,,,26,8,65,GPS,2019-12-13 18:23:27+00:00
Ruksana’s iPhone,2019-12-13 6:25:42 PM,,,0,0,45,14,16,GPS,2019-12-13 18:25:42+00:00
Ruksana’s iPhone,2019-12-13 6:28:04 PM,,,16,26,45,14,8,GPS,2019-12-13 18:28:04+00:00
Ruksana’s iPhone,2019-12-13 6:29:20 PM,,,4,6,42,13,8,GPS,2019-12-13 18:29:20+00:00
Ruksana’s iPhone,2019-12-13 6:31:00 PM,,,0,0,29,9,32,GPS,2019-12-13 18:31:00+00:00
Ruksana’s iPhone,2019-12-13 6:32:21 PM,,,3,5,26,8,16,GPS,2019-12-13 18:32:21+00:00
Ruksana’s iPhone,2019-12-13 6:33:44 PM,,,17,27,26,8,12,GPS,2019-12-13 18:33:44+00:00
Ruksana’s iPhone,2019-12-13 6:35:03 PM,,,28,45,22,7,16,GPS,2019-12-13 18:35:03+00:00
Ruksana’s iPhone,2019-12-13 6:36:22 PM,,,18,29,9,3,6,GPS,2019-12-13 18:36:22+00:00
Ruksana’s iPhone,2019-12-13 6:37:46 PM,,,6,10,13,4,12,GPS,2019-12-13 18:37:46+00:00
Ruksana’s iPhone,2019-12-13 6:39:08 PM,,,17,27,13,4,12,GPS,2019-12-13 18:39:08+00:00
Ruksana’s iPhone,2019-12-13 6:40:28 PM,,,15,24,13,4,12,GPS,2019-12-13 18:40:28+00:00
Ruksana’s iPhone,2019-12-13 6:41:47 PM,,,13,21,16,5,8,GPS,2019-12-13 18:41:47+00:00
Ruksana’s iPhone,2019-12-13 6:43:07 PM,,,18,29,19,6,6,GPS,2019-12-13 18:43:07+00:00
Ruksana’s iPhone,2019-12-13 6:45:24 PM,,,,,-65,-20,48,GPS,2019-12-13 18:45:24+00:00
Ruksana’s iPhone,2019-12-13 6:46:37 PM,,,0,0,16,5,32,GPS,2019-12-13 18:46:37+00:00
Ruksana’s iPhone,2019-12-13 10:17:57 PM,,,,,16,5,65,GPS,2019-12-13 22:17:57+00:00
Ruksana’s iPhone,2019-12-13 10:19:15 PM,,,24,39,16,5,32,GPS,2019-12-13 22:19:15+00:00
Ruksana’s iPhone,2019-12-13 10:20:43 PM,,,5,8,16,5,32,GPS,2019-12-13 22:20:43+00:00
Ruksana’s iPhone,2019-12-13 10:22:17 PM,,,9,14,22,7,32,GPS,2019-12-13 22:22:17+00:00
Ruksana’s iPhone,2019-12-13 10:23:34 PM,,,1,2,19,6,32,GPS,2019-12-13 22:23:34+00:00
Ruksana’s iPhone,2019-12-13 10:25:14 PM,,,,,22,7,32,GPS,2019-12-13 22:25:14+00:00
Ruksana’s iPhone,2019-12-13 10:26:30 PM,,,,,26,8,64,GPS,2019-12-13 22:26:30+00:00
Ruksana’s iPhone,2019-12-13 10:27:49 PM,,,23,37,26,8,32,GPS,2019-12-13 22:27:49+00:00
Ruksana’s iPhone,2019-12-13 10:29:08 PM,,,23,37,32,10,32,GPS,2019-12-13 22:29:08+00:00
Ruksana’s iPhone,2019-12-13 10:30:29 PM,,,0,0,45,14,32,GPS,2019-12-13 22:30:29+00:00
Ruksana’s iPhone,2019-12-13 10:32:35 PM,,,1,2,49,15,32,GPS,2019-12-13 22:32:35+00:00
Ruksana’s iPhone,2019-12-13 10:34:25 PM,,,,,98,30,65,GPS,2019-12-13 22:34:25+00:00
Ruksana’s iPhone,2019-12-13 10:36:00 PM,,,,,55,17,65,GPS,2019-12-13 22:36:00+00:00
Ruksana’s iPhone,2019-12-13 10:41:22 PM,,,10,16,29,9,48,GPS,2019-12-13 22:41:22+00:00
Ruksana’s iPhone,2019-12-13 10:46:30 PM,,,,,59,18,65,GPS,2019-12-13 22:46:30+00:00
Ruksana’s iPhone,2019-12-13 10:56:55 PM,,,,,-715,-218,48,GPS,2019-12-13 22:56:55+00:00
Ruksana’s iPhone,2019-12-13 10:59:29 PM,,,,,59,18,65,GPS,2019-12-13 22:59:29+00:00
Ruksana’s iPhone,2019-12-13 11:03:07 PM,,,,,55,17,65,GPS,2019-12-13 23:03:07+00:00
Name,Date,Lat,Lng,Speed(mph),Speed(km/h),Altitude(ft),Altitude(m),Accuracy,Type,Date2
Ruksana’s iPhone,2019-12-14 3:13:26 AM,,,,,22,7,65,GPS,2019-12-14 03:13:26+00:00
Ruksana’s iPhone,2019-12-14 3:15:23 AM,,,0,0,29,9,16,GPS,2019-12-14 03:15:23+00:00
Ruksana’s iPhone,2019-12-14 3:17:33 AM,,,1,2,29,9,32,GPS,2019-12-14 03:17:33+00:00
Ruksana’s iPhone,2019-12-14 3:20:30 AM,,,2,3,121,37,16,GPS,2019-12-14 03:20:30+00:00
Ruksana’s iPhone,2019-12-14 3:22:07 AM,,,0,0,26,8,16,GPS,2019-12-14 03:22:07+00:00
Ruksana’s iPhone,2019-12-14 3:23:18 AM,,,0,0,26,8,16,GPS,2019-12-14 03:23:18+00:00
Ruksana’s iPhone,2019-12-14 3:29:13 AM,,,22,35,22,7,16,GPS,2019-12-14 03:29:13+00:00
Ruksana’s iPhone,2019-12-14 3:30:32 AM,,,26,42,26,8,16,GPS,2019-12-14 03:30:32+00:00
Ruksana’s iPhone,2019-12-14 3:31:52 AM,,,18,29,22,7,16,GPS,2019-12-14 03:31:52+00:00
Ruksana’s iPhone,2019-12-14 3:33:08 AM,,,11,18,26,8,32,GPS,2019-12-14 03:33:08+00:00
Ruksana’s iPhone,2019-12-14 3:34:30 AM,,,18,29,19,6,32,GPS,2019-12-14 03:34:30+00:00
Ruksana’s iPhone,2019-12-14 3:35:49 AM,,,3,5,13,4,16,GPS,2019-12-14 03:35:49+00:00
Ruksana’s iPhone,2019-12-14 3:37:07 AM,,,31,50,16,5,8,GPS,2019-12-14 03:37:07+00:00
Ruksana’s iPhone,2019-12-14 3:39:58 AM,,,2,3,16,5,16,GPS,2019-12-14 03:39:58+00:00
Ruksana’s iPhone,2019-12-14 3:42:07 AM,,,2,3,19,6,6,GPS,2019-12-14 03:42:07+00:00
Ruksana’s iPhone,2019-12-14 3:42:57 AM,,,2,3,19,6,6,GPS,2019-12-14 03:42:57+00:00
Ruksana’s iPhone,2019-12-14 3:45:06 AM,,,0,0,19,6,32,GPS,2019-12-14 03:45:06+00:00
Ruksana’s iPhone,2019-12-14 3:47:30 AM,,,0,0,19,6,32,GPS,2019-12-14 03:47:30+00:00
Ruksana’s iPhone,2019-12-14 3:49:53 AM,,,0,0,19,6,16,GPS,2019-12-14 03:49:53+00:00
Ruksana’s iPhone,2019-12-14 4:25:59 PM,,,0,0,36,11,32,GPS,2019-12-14 16:25:59+00:00
Ruksana’s iPhone,2019-12-14 4:49:58 PM,,,,,13,4,65,GPS,2019-12-14 16:49:58+00:00
Ruksana’s iPhone,2019-12-14 4:51:17 PM,,,18,29,22,7,8,GPS,2019-12-14 16:51:17+00:00
Ruksana’s iPhone,2019-12-14 4:52:50 PM,,,16,26,19,6,8,GPS,2019-12-14 16:52:50+00:00
Ruksana’s iPhone,2019-12-14 4:54:09 PM,,,9,14,16,5,8,GPS,2019-12-14 16:54:09+00:00
Ruksana’s iPhone,2019-12-14 4:55:58 PM,,,7,11,19,6,8,GPS,2019-12-14 16:55:58+00:00
Ruksana’s iPhone,2019-12-14 4:57:18 PM,,,19,31,16,5,8,GPS,2019-12-14 16:57:18+00:00
Ruksana’s iPhone,2019-12-14 4:59:00 PM,,,9,14,16,5,8,GPS,2019-12-14 16:59:00+00:00
Ruksana’s iPhone,2019-12-14 5:00:18 PM,,,8,13,9,3,8,GPS,2019-12-14 17:00:18+00:00
Ruksana’s iPhone,2019-12-14 5:01:37 PM,,,3,5,32,10,6,GPS,2019-12-14 17:01:37+00:00
Ruksana’s iPhone,2019-12-14 5:02:57 PM,,,14,23,62,19,8,GPS,2019-12-14 17:02:57+00:00
Ruksana’s iPhone,2019-12-14 5:04:33 PM,,,10,16,26,8,16,GPS,2019-12-14 17:04:33+00:00
Ruksana’s iPhone,2019-12-14 5:04:40 PM,,,1,2,26,8,16,GPS,2019-12-14 17:04:40+00:00
Ruksana’s iPhone,2019-12-14 5:09:35 PM,,,,,26,8,165,GPS,2019-12-14 17:09:35+00:00
Ruksana’s iPhone,2019-12-14 5:10:53 PM,,,24,39,121,37,6,GPS,2019-12-14 17:10:53+00:00
Ruksana’s iPhone,2019-12-14 5:12:12 PM,,,23,37,121,37,6,GPS,2019-12-14 17:12:12+00:00
Ruksana’s iPhone,2019-12-14 5:13:40 PM,,,21,34,157,48,8,GPS,2019-12-14 17:13:40+00:00
Ruksana’s iPhone,2019-12-14 5:14:58 PM,,,31,50,49,15,8,GPS,2019-12-14 17:14:58+00:00
Ruksana’s iPhone,2019-12-14 5:16:16 PM,,,22,35,45,14,6,GPS,2019-12-14 17:16:16+00:00
Ruksana’s iPhone,2019-12-14 5:17:34 PM,,,29,47,164,50,12,GPS,2019-12-14 17:17:34+00:00
Ruksana’s iPhone,2019-12-14 5:18:53 PM,,,24,39,177,54,6,GPS,2019-12-14 17:18:53+00:00
Ruksana’s iPhone,2019-12-14 5:20:18 PM,,,24,39,98,30,8,GPS,2019-12-14 17:20:18+00:00
Ruksana’s iPhone,2019-12-14 5:21:37 PM,,,14,23,62,19,8,GPS,2019-12-14 17:21:37+00:00
Ruksana’s iPhone,2019-12-14 5:22:56 PM,,,9,14,59,18,8,GPS,2019-12-14 17:22:56+00:00
Ruksana’s iPhone,2019-12-14 5:24:19 PM,,,11,18,52,16,8,GPS,2019-12-14 17:24:19+00:00
Ruksana’s iPhone,2019-12-14 5:25:40 PM,,,9,14,32,10,8,GPS,2019-12-14 17:25:40+00:00
Ruksana’s iPhone,2019-12-14 5:26:57 PM,,,0,0,29,9,8,GPS,2019-12-14 17:26:57+00:00
Ruksana’s iPhone,2019-12-14 5:28:13 PM,,,13,21,29,9,16,GPS,2019-12-14 17:28:13+00:00
Ruksana’s iPhone,2019-12-14 5:29:33 PM,,,16,26,29,9,8,GPS,2019-12-14 17:29:33+00:00
Ruksana’s iPhone,2019-12-14 5:30:50 PM,,,13,21,22,7,16,GPS,2019-12-14 17:30:50+00:00
Ruksana’s iPhone,2019-12-14 5:31:18 PM,,,7,11,26,8,16,GPS,2019-12-14 17:31:18+00:00
Ruksana’s iPhone,2019-12-14 5:38:26 PM,,,2,3,26,8,8,GPS,2019-12-14 17:38:26+00:00
Ruksana’s iPhone,2019-12-14 5:38:53 PM,,,0,0,26,8,8,GPS,2019-12-14 17:38:53+00:00
Ruksana’s iPhone,2019-12-14 6:45:41 PM,,,0,0,68,21,32,GPS,2019-12-14 18:45:41+00:00
Ruksana’s iPhone,2019-12-14 9:03:55 PM,,,,,62,19,65,GPS,2019-12-14 21:03:55+00:00
Name,Date,Lat,Lng,Speed(mph),Speed(km/h),Altitude(ft),Altitude(m),Accuracy,Type,Date2
Ruksana’s iPhone,2019-12-16 7:58:48 PM,,,,,55,17,65,GPS,2019-12-16 19:58:48+00:00
Ruksana’s iPhone,2019-12-16 8:00:07 PM,,,18,29,39,12,16,GPS,2019-12-16 20:00:07+00:00
Ruksana’s iPhone,2019-12-16 8:01:24 PM,,,9,14,39,12,16,GPS,2019-12-16 20:01:24+00:00
Ruksana’s iPhone,2019-12-16 8:02:45 PM,,,20,32,26,8,4,GPS,2019-12-16 20:02:45+00:00
Ruksana’s iPhone,2019-12-16 8:05:09 PM,,,2,3,32,10,32,GPS,2019-12-16 20:05:09+00:00
Ruksana’s iPhone,2019-12-16 8:06:26 PM,,,1,2,32,10,32,GPS,2019-12-16 20:06:26+00:00
Ruksana’s iPhone,2019-12-16 8:06:50 PM,,,0,0,32,10,32,GPS,2019-12-16 20:06:50+00:00
Ruksana’s iPhone,2019-12-16 8:09:32 PM,,,,,-82,-25,48,GPS,2019-12-16 20:09:32+00:00
Ruksana’s iPhone,2019-12-16 8:10:52 PM,,,16,26,26,8,32,GPS,2019-12-16 20:10:52+00:00
Ruksana’s iPhone,2019-12-16 8:12:13 PM,,,0,0,16,5,32,GPS,2019-12-16 20:12:13+00:00
Ruksana’s iPhone,2019-12-16 8:14:11 PM,,,,,36,11,65,GPS,2019-12-16 20:14:11+00:00
Ruksana’s iPhone,2019-12-16 8:15:51 PM,,,1,2,29,9,32,GPS,2019-12-16 20:15:51+00:00
Ruksana’s iPhone,2019-12-16 8:52:40 PM,,,,,42,13,65,GPS,2019-12-16 20:52:40+00:00
Ruksana’s iPhone,2019-12-16 8:53:56 PM,,,12,19,39,12,8,GPS,2019-12-16 20:53:56+00:00
Ruksana’s iPhone,2019-12-16 8:55:15 PM,,,18,29,42,13,6,GPS,2019-12-16 20:55:15+00:00
Ruksana’s iPhone,2019-12-16 8:56:36 PM,,,22,35,39,12,6,GPS,2019-12-16 20:56:36+00:00
Ruksana’s iPhone,2019-12-16 8:57:52 PM,,,3,5,45,14,8,GPS,2019-12-16 20:57:52+00:00
Ruksana’s iPhone,2019-12-16 8:59:15 PM,,,10,16,75,23,6,GPS,2019-12-16 20:59:15+00:00
Ruksana’s iPhone,2019-12-16 9:01:50 PM,,,1,2,68,21,12,GPS,2019-12-16 21:01:50+00:00
Ruksana’s iPhone,2019-12-16 9:02:23 PM,,,0,0,68,21,16,GPS,2019-12-16 21:02:23+00:00
Ruksana’s iPhone,2019-12-16 9:04:48 PM,,,,,59,18,65,GPS,2019-12-16 21:04:48+00:00
Ruksana’s iPhone,2019-12-16 9:06:05 PM,,,,,52,16,32,GPS,2019-12-16 21:06:05+00:00
Ruksana’s iPhone,2019-12-16 9:07:26 PM,,,2,3,85,26,32,GPS,2019-12-16 21:07:26+00:00
Ruksana’s iPhone,2019-12-16 9:08:49 PM,,,0,0,78,24,32,GPS,2019-12-16 21:08:49+00:00
Ruksana’s iPhone,2019-12-16 9:11:58 PM,,,0,0,72,22,32,GPS,2019-12-16 21:11:58+00:00
